{"0": {"total_mean": 129.8919352576022, "demand_mean": 1.3895965680560312, "cs_mean": 128.50233868954618},"1": {"total_mean": 28.55668147373232, "demand_mean": 1.4023286216067994, "cs_mean": 27.15435285212552},"2": {"total_mean": 1745.0960684588524, "demand_mean": 1730.2773930825158, "cs_mean": 14.818675376336659},"3": {"total_mean": 2672.098407679735, "demand_mean": 2660.8291529757603, "cs_mean": 11.269254703974564},"4": {"total_mean": 2121.9230738894557, "demand_mean": 2111.870921470112, "cs_mean": 10.052152419343473},"5": {"total_mean": 910.3218324571185, "demand_mean": 903.7368972968665, "cs_mean": 6.584935160252052},"6": {"total_mean": 343.44101734563424, "demand_mean": 338.8093852928834, "cs_mean": 4.63163205275083},"7": {"total_mean": 214.9500281073199, "demand_mean": 210.658054013015, "cs_mean": 4.291974094304877},"8": {"total_mean": 167.09275460303655, "demand_mean": 163.3168141771395, "cs_mean": 3.775940425897067},"9": {"total_mean": 126.91221867885304, "demand_mean": 124.10018497920544, "cs_mean": 2.8120336996476003},"10": {"total_mean": 99.2280028519506, "demand_mean": 96.40276501267485, "cs_mean": 2.8252378392757516},"11": {"total_mean": 22.201061870877076, "demand_mean": 19.637156488376906, "cs_mean": 2.563905382500171},"12": {"total_mean": 15.376059494000605, "demand_mean": 13.052862100982473, "cs_mean": 2.323197393018132},"13": {"total_mean": 14.133138721747667, "demand_mean": 12.119183452960096, "cs_mean": 2.0139552687875715},"14": {"total_mean": 8.618721980090887, "demand_mean": 6.730446890660203, "cs_mean": 1.8882750894306841},"15": {"total_mean": 6.044715410090117, "demand_mean": 4.225127742430215, "cs_mean": 1.8195876676599014},"16": {"total_mean": 6.92090771368462, "demand_mean": 5.224543566054949, "cs_mean": 1.696364147629671},"17": {"total_mean": 6.855043184942759, "demand_mean": 5.617781144456521, "cs_mean": 1.237262040486238}}