{"0": 50.243157183805465, "1": 52.138707347149754, "2": 37.374767436564035, "3": 38.736622676449116, "4": 41.18497858168436, "5": 57.6307841665901, "6": 54.91846111417339, "7": 62.66844221718836, "8": 58.85379942572729, "9": 61.84533941454016, "10": 65.60888327020417, "11": 52.928183727512106, "12": 55.81238759524636, "13": 58.881035803425135, "14": 68.23137898048586, "15": 61.22824793466951, "16": 77.3718357354287, "17": 82.873810308501, "18": 60.62399700287327, "19": 70.9771907361287, "20": 67.53267874519459, "21": 66.55876674987242, "22": 78.09284907590104, "23": 67.04929416720537, "24": 72.9919757258362, "25": 72.22341535080481, "26": 77.46571364089442, "27": 80.3500216394605, "28": 77.5814057840203, "29": 75.58322322943508, "30": 77.86986769807706, "31": 75.43083925071741, "32": 78.89508738172572, "33": 77.8234152908662, "34": 78.78011045039405, "35": 81.1367895451063, "36": 80.55880560253584, "37": 80.2096021081502, "38": 79.1047105617422, "39": 82.88039430777782, "40": 77.46799467741226, "41": 77.83428390376122, "42": 76.69877588349436, "43": 81.13725995649214, "44": 82.20427746652999, "45": 81.24339872098577, "46": 79.86639980542063, "47": 80.80722107785053, "48": 79.79236723873065, "49": 81.55931150982325, "50": 76.53610621643844, "51": 77.14923722314849, "52": 79.01878362667352, "53": 80.93439201449925, "54": 80.92282075888004, "55": 80.09948542159879, "56": 82.98058990321769, "57": 83.59213473976607, "58": 80.71238264296747, "59": 79.4607159317185, "60": 81.51122823428591, "61": 81.3744120799386, "62": 77.0503244400851, "63": 78.24273691263882, "64": 77.96988047373836, "65": 80.65138794474254, "66": 82.89204783026503, "67": 81.96468623802951, "68": 81.76098204315953, "69": 77.138141107848, "70": 79.37024024238181, "71": 79.57428633652633, "72": 81.48541964983505, "73": 80.80379314000604, "74": 79.37374272839189, "75": 81.38120122032048, "76": 81.74095713077905, "77": 79.47304363489053, "78": 83.03123915758334, "79": 83.07055427734649, "80": 78.90189089794269, "81": 82.04837586220773, "82": 81.43182456152246, "83": 81.59177003758774, "84": 81.34755236344208, "85": 80.4812314596478, "86": 81.25135481055459, "87": 77.99979211044442, "88": 78.81163041107638, "89": 77.71833258500486, "90": 79.93234015188445, "91": 79.98167491228142, "92": 80.19903658305347, "93": 78.74514392930008, "94": 80.95749383041618, "95": 80.20680118174819, "96": 78.93584403857457, "97": 79.64348434142494, "98": 78.43490390838474, "99": 77.60741649512241, "100": 78.51273358680119, "101": 79.10353483171448, "102": 76.63900242084925, "103": 79.22421706923032, "104": 80.6862108304988, "105": 77.66045425066537, "106": 82.21988122056403, "107": 80.56634981847876, "108": 81.5104120445368, "109": 78.99696346669053, "110": 77.61931000061344, "111": 78.4464239992983, "112": 78.91078693852656, "113": 80.61287243471945, "114": 81.2734967457529, "115": 78.05685178080245, "116": 79.01288366788937, "117": 76.94966031376472, "118": 79.38267894054918, "119": 77.3609183468365, "120": 76.84203651501025, "121": 79.87822174762599, "122": 77.08137949116403, "123": 78.3296286477364, "124": 80.7009956247448, "125": 78.33396791563683, "126": 78.32020419988088, "127": 79.76976977884156, "128": 77.99987470016112, "129": 79.59114102356853, "130": 77.0833180793271, "131": 81.12901877451876, "132": 80.77579958938571, "133": 82.31225741058911, "134": 78.40199186108936, "135": 79.32169065559808, "136": 77.37693781945146, "137": 81.27005557215952, "138": 78.98919557063628, "139": 80.52997859710405, "140": 80.63800978850016, "141": 82.0036575917706, "142": 82.47572435350475, "143": 80.24988906244576, "144": 82.92057957757096, "145": 82.73423479466041, "146": 80.85130492896668, "147": 82.82664352288548, "148": 82.25814781438606, "149": 82.48949110064666}