{"0": 129.76389395164276,"1": 110.54539853557486,"2": 125.20964914435818,"3": 125.82262893373836,"4": 101.77782704556553,"5": 143.37639274399137,"6": 119.14258304236589,"7": 115.69646471271271,"8": 124.02242518571377,"9": 118.04549222397657,"10": 111.69650571677099,"11": 114.13302759484957,"12": 101.11670791023872,"13": 127.67469635299322,"14": 113.89647226890891,"15": 126.3795384468388,"16": 121.60332801599337,"17": 121.05636897442145}