{"0": {"-12": 2000, "-9": 1450, "-6": 1558, "-3": 2000, "-11": 2000, "-8": 2000, "-5": 2000, "-2": 2000},"1": {"-12": 1449.0170454545455, "-9": 1448.894198330966, "-6": 1450.0, "-3": 1452.6826171875, "-11": 1450.0942626953124, "-8": 1452.5627552379262, "-5": 1451.393896484375, "-2": 1453.951748934659},"2": {"-12": 1448.5726318359375, "-9": 1443.1794128417969, "-6": 1450.0, "-3": 1450.0, "-11": 1519.002685546875, "-8": 1458.477743966239, "-5": 1449.5715985979352, "-2": 1450.0},"3": {"-12": 1437.727392578125, "-9": 1408.63228515625, "-6": 1450.0, "-3": 1450.0, "-11": 2387.47740234375, "-8": 1511.308427734375, "-5": 1415.3743017578124, "-2": 1450.0},"4": {"-12": 1419.0037384033203, "-9": 1331.3655395507812, "-6": 1450.0, "-3": 1450.0, "-11": 6170.150634765625, "-8": 1738.9018783569336, "-5": 1350.929296875, "-2": 1450.0},"5": {"-12": 1396.189065867457, "-9": 1267.792446794181, "-6": 1450.0, "-3": 1450.0, "-11": 15048.239291487069, "-8": 3330.4676892510774, "-5": 1270.600901636584, "-2": 1450.0},"6": {"-12": 1305.7662325772371, "-9": 1235.0032098943536, "-6": 1450.0, "-3": 1450.0, "-11": 28090.778343023256, "-8": 13137.011457576307, "-5": 1232.9763382312863, "-2": 1450.0},"7": {"-12": 1233.5675518329326, "-9": 1227.4806103515625, "-6": 1450.0, "-3": 1450.0, "-11": 36375.95643028846, "-8": 25760.77666766827, "-5": 1227.0874492938701, "-2": 1450.0},"8": {"-12": 1228.246728515625, "-9": 1225.9728076171875, "-6": 1450.0, "-3": 1450.0, "-11": 39923.15966796875, "-8": 32801.236328125, "-5": 1225.697026570638, "-2": 1450.0},"9": {"-12": 1225.9643615722657, "-9": 1225.3071197509767, "-6": 1450.0, "-3": 1450.0, "-11": 42633.79706554878, "-8": 38700.51618303572, "-5": 1225.236296154204, "-2": 1450.0},"10": {"-12": 1225.2474184389469, "-9": 1225.0855034722222, "-6": 1450.0, "-3": 1450.0, "-11": 44234.8840625, "-8": 42254.85875, "-5": 1225.060712890625, "-2": 1450.0},"11": {"-12": 1225.0660763302365, "-9": 1225.0281058646538, "-6": 1450.0, "-3": 1450.0, "-11": 45050.58470394737, "-8": 44021.299379006414, "-5": 1225.0201976879223, "-2": 1450.0},"12": {"-12": 1225.0206349690754, "-9": 1225.0086924235027, "-6": 1450.0, "-3": 1450.0, "-11": 45526.76341711957, "-8": 45032.34203125, "-5": 1225.0068359375, "-2": 1450.0},"13": {"-12": 1225.0072490985576, "-9": 1225.003633939303, "-6": 1450.0, "-3": 1450.0, "-11": 45754.98257211538, "-8": 45484.12965745192, "-5": 1225.0028404822717, "-2": 1450.0},"14": {"-12": 1225.0024842958192, "-9": 1225.0010954204358, "-6": 1450.0, "-3": 1450.0, "-11": 45940.40881990131, "-8": 45808.94847972973, "-5": 1225.0007998817846, "-2": 1450.0},"15": {"-12": 1225.0005665314504, "-9": 1225.0003662109375, "-6": 1450.0, "-3": 1450.0, "-11": 46065.94130345395, "-8": 46016.49969161184, "-5": 1225.0002730520148, "-2": 1450.0},"16": {"-12": 1224.9999334161932, "-9": 1224.9998885444973, "-6": 1450.0, "-3": 1450.0, "-11": 46124.77004076087, "-8": 46106.050958806816, "-5": 1224.999950062145, "-2": 1450.0},"17": {"-12": 1224.9999261900437, "-9": 1225.0000369049783, "-6": 1450.0, "-3": 1450.0, "-11": 46161.801962209305, "-8": 46157.63835392442, "-5": 1224.9999722567472, "-2": 1450.0}}