{"0": 34864.450659217946, "1": 35530.842256432814, "2": 35491.53647771851, "3": 34964.096975979955, "4": 28924.22213885571, "5": 31836.38256890557, "6": 31528.402632888818, "7": 30742.38508869456, "8": 27371.977656221447, "9": 27587.793645045258, "10": 28138.832280675357, "11": 27432.54817579313, "12": 26736.48927601463, "13": 27526.916574219107, "14": 26790.240194874623, "15": 25800.19481335078, "16": 20446.17211994822, "17": 21740.254797594076, "18": 22532.89722978162, "19": 20457.68156828386, "20": 9234.557870554738, "21": 9346.608183618411, "22": 9765.925719201668, "23": 9771.340320526366, "24": 3598.916922862248, "25": 3506.3654854583106, "26": 4498.779851907241, "27": 4146.845933912142, "28": 2245.4128951828843, "29": 3094.937885812125, "30": 2555.3930991809075, "31": 3489.0517904971994, "32": 1680.4035533323868, "33": 2461.666781798915, "34": 3160.2447491720095, "35": 1707.0177211108667, "36": 1284.1496479218508, "37": 1428.0439318865626, "38": 1975.6896189268552, "39": 2948.7927824490034, "40": 950.1895141968483, "41": 1375.0479240356574, "42": 1001.1058975731297, "43": 1788.7093251626127, "44": 216.29315222654006, "45": 1186.6903668717293, "46": 1934.6862368434915, "47": 2448.7247581504234, "48": 151.83383853035272, "49": 904.1688111289089, "50": 1274.915819753058, "51": 217.53235270542748, "52": 142.71292545861326, "53": 2133.928289030835, "54": 1776.9793885078477, "55": 1145.014029503123, "56": 1410.3442338850198, "57": 664.3815911584195, "58": 279.98517248629844, "59": 318.6194795526301, "60": 291.8986013498554, "61": 801.0479006813716, "62": 83.63647919928951, "63": 104.58940509406236, "64": 944.7999327307641, "65": 209.55840484792424, "66": 590.9400654907481, "67": 652.6414608491422, "68": 257.7185795875689, "69": 659.8446744822861, "70": 858.4889239163338, "71": 404.84168724487654, "72": 350.0223267969268, "73": 63.15900653665005, "74": 224.67554775810268, "75": 467.5568852899365, "76": 164.02233027753363, "77": 904.8725783121089, "78": 215.6612285963566, "79": 251.45515810022493, "80": 844.0262827032499, "81": 1015.4020923804886, "82": 894.3775280530816, "83": 1265.762822337025, "84": 1431.3701362267814, "85": 1271.3724272078598, "86": 1911.046365205239, "87": 1637.8547920677183, "88": 1792.295653138419, "89": 1810.610651371851, "90": 1791.8095505105164, "91": 1361.3914552210686, "92": 1771.7857362220552, "93": 948.1134392572158, "94": 913.0095720216749, "95": 714.8921569180493, "96": 572.7895264406835, "97": 503.17749031458936, "98": 1008.5722794565588, "99": 264.68465739124736, "100": 455.75004169521554, "101": 897.0001909047286, "102": 610.3296056942463, "103": 440.88907589754564, "104": 536.0427997518548, "105": 343.7138247370356, "106": 714.0605743116303, "107": 47.999459661249745, "108": 271.8599745474824, "109": 379.4290058050284, "110": 107.46076517076882, "111": 449.86126115704593, "112": 578.3538264202448, "113": 0.8154351689985903, "114": 487.0369792797405, "115": 655.403580481863, "116": 716.5621955617132, "117": 631.6285359943629, "118": 363.8813139190811, "119": 536.5968269741015, "120": 537.0360359750741, "121": 256.95450169258646, "122": 778.5535503629966, "123": 1049.989602812922, "124": 834.3043014453525, "125": 1272.9966115385405, "126": 709.3139647576241, "127": 868.8041431325354, "128": 1190.9940565482482, "129": 601.1387148314022, "130": 584.5557206563478, "131": 575.5192599232255, "132": 992.1629713553269, "133": 456.94857577879714, "134": 743.9478806795781, "135": 545.4857652107479, "136": 177.19503684941975, "137": 192.07555465160695, "138": 220.77955337171002, "139": 782.7599707427046, "140": 109.12969006008016, "141": 262.9003849830022, "142": 851.9520572569176, "143": 479.66231469607817, "144": 924.2289258407445, "145": 26.01523817196034, "146": 706.7379582347643, "147": 181.63868273722093, "148": 998.1341111030565, "149": 633.1374533046993}