{"0": 2000.0, "1": 2044.2187038116679, "2": 2006.8705734802797, "3": 1975.4559733875058, "4": 1451.393896484375, "5": 1428.4485762166523, "6": 1405.0314555029436, "7": 1419.6408005713895, "8": 1449.5715985979352, "9": 1455.697409741107, "10": 1443.2206689604254, "11": 1446.5976630955433, "12": 1415.3743017578124, "13": 1418.428859668731, "14": 1420.1282227368233, "15": 1410.8972604809414, "16": 1350.929296875, "17": 1305.6456604472305, "18": 1380.0528616180043, "19": 1353.5201002296835, "20": 1270.600901636584, "21": 1261.8467811666749, "22": 1255.8769486141562, "23": 1302.5234451225222, "24": 1163.560802346704, "25": 1201.0536863744294, "26": 1197.389317508744, "27": 1199.1238900639064, "28": 1175.9416085631262, "29": 1155.3888468548826, "30": 1190.9290231895056, "31": 1189.9829987684657, "32": 1195.7468591804723, "33": 1215.840513672322, "34": 1218.4793234735946, "35": 1160.8987821611165, "36": 1171.9225272250262, "37": 1215.6144782564857, "38": 1168.915581560612, "39": 1201.8011916261758, "40": 1226.2709828764253, "41": 1186.9314524145784, "42": 1179.7738991222675, "43": 1210.4011580694876, "44": 1199.3902255056005, "45": 1202.7601968592617, "46": 1235.1405863958162, "47": 1240.8942356453379, "48": 1199.1261964325574, "49": 1226.4422906185387, "50": 1185.7452753296677, "51": 1209.279459444435, "52": 1233.916272602217, "53": 1219.9637444321063, "54": 1232.0264812640362, "55": 1195.462787388277, "56": 1194.5026123910297, "57": 1200.4367134666115, "58": 1186.2628500887897, "59": 1195.9733064407048, "60": 1203.3625526661206, "61": 1183.5809300724236, "62": 1206.0411284537236, "63": 1175.8133950805639, "64": 1183.6382624195353, "65": 1190.1242501006016, "66": 1159.3500767011737, "67": 1161.1761322293776, "68": 1201.798135641733, "69": 1188.8163654638845, "70": 1162.062222038339, "71": 1214.6428408865133, "72": 1201.6594119441024, "73": 1211.4718331350064, "74": 1217.3829720897036, "75": 1192.8942230161056, "76": 1191.3278191909683, "77": 1174.073432979721, "78": 1181.5746191993715, "79": 1209.202556549524, "80": 1176.5032255356277, "81": 1222.5270350983515, "82": 1182.4815665885885, "83": 1230.2099521515966, "84": 1227.0320833687672, "85": 1225.5234616423409, "86": 1242.0254642169093, "87": 1224.6450661772371, "88": 1232.4377304132347, "89": 1200.2259887756336, "90": 1240.4499230836318, "91": 1193.4708499102687, "92": 1200.253836036548, "93": 1230.1192910293048, "94": 1201.690306604941, "95": 1206.0930176884665, "96": 1198.8668161616401, "97": 1217.0417863364517, "98": 1194.6832072514005, "99": 1194.4161209427514, "100": 1199.1259826224334, "101": 1190.2000634519586, "102": 1162.6547928188752, "103": 1198.0812311457075, "104": 1209.003750974522, "105": 1177.6313812124183, "106": 1203.7118725846283, "107": 1165.9847800939851, "108": 1168.642941278882, "109": 1176.8104463318173, "110": 1191.9475327756427, "111": 1184.2881466700633, "112": 1181.923536225209, "113": 1185.5077776049277, "114": 1219.3100259310227, "115": 1207.357888775361, "116": 1173.893358539516, "117": 1182.4795964469752, "118": 1197.7644330157746, "119": 1198.6577482892783, "120": 1219.5784007872041, "121": 1214.0621755600619, "122": 1184.720983631592, "123": 1231.1077297870029, "124": 1186.6755284855874, "125": 1226.3423806014514, "126": 1201.8040639923997, "127": 1194.0060143809485, "128": 1217.5435660220905, "129": 1207.7951134958557, "130": 1191.3972041976501, "131": 1211.3671821207563, "132": 1239.3463506287833, "133": 1233.0391244569137, "134": 1218.2977979690907, "135": 1223.003676354246, "136": 1218.4252194981468, "137": 1207.36326041268, "138": 1208.820784133003, "139": 1181.5174857010484, "140": 1211.4989813541247, "141": 1187.1804913968326, "142": 1189.9240342134315, "143": 1208.4149634244236, "144": 1189.8471612405217, "145": 1176.2513752964176, "146": 1202.1274531081062, "147": 1155.3731333675023, "148": 1207.1112009649905, "149": 1186.3676453895282}