{"0": 22.176912956327925, "1": 32.14963894316156, "2": 28.820446127870863, "3": 44.74141371515531, "4": 47.78021504986156, "5": 50.52039229253984, "6": 63.57200168184557, "7": 74.2223581232618, "8": 77.6113802905412, "9": 80.27931903013256, "10": 104.43247926079154, "11": 101.15704788872226, "12": 111.1572354629676, "13": 138.24867205683975, "14": 129.87118571727416, "15": 148.35741985146663, "16": 180.12740119933517, "17": 190.71234801188427, "18": 201.0786073012224, "19": 203.67644726056707, "20": 230.80896489805917, "21": 218.90679280566516, "22": 202.51982589315085, "23": 246.37046856023912, "24": 231.44030300582722, "25": 209.89205988884234, "26": 210.77331208754657, "27": 224.29490098847862, "28": 217.37557801079168, "29": 220.33011736078956, "30": 210.01128011021007, "31": 239.91087739958363, "32": 232.07329039838393, "33": 255.28363791928084, "34": 247.79877837682932, "35": 246.3417042124609, "36": 225.9895116306111, "37": 232.08876947389027, "38": 219.00293114153246, "39": 259.6890405649531, "40": 234.35996949283216, "41": 245.52768949294887, "42": 247.79866861001616, "43": 244.83349816632924, "44": 262.01002975772906, "45": 271.7746818001842, "46": 248.7444554090481, "47": 249.39516182840407, "48": 280.07451742204864, "49": 247.2954188445521, "50": 229.5497057491438, "51": 239.4019096760096, "52": 265.9783046026382, "53": 264.9339628008484, "54": 253.67634865678178, "55": 273.99381859212383, "56": 288.06049719334703, "57": 265.50262897478484, "58": 263.64304207336795, "59": 270.10607349493984, "60": 272.76670746129184, "61": 276.5687252587372, "62": 272.146198439795, "63": 266.16389714027156, "64": 287.7130553456972, "65": 258.60733466075334, "66": 270.82493661117184, "67": 292.0913497854145, "68": 255.1006502813591, "69": 257.3149680678464, "70": 261.5547657838852, "71": 295.3552678239964, "72": 274.88571326165595, "73": 293.5689071566693, "74": 290.4593573989636, "75": 293.18852130183717, "76": 289.6390981461658, "77": 266.19055252690265, "78": 278.70479509515576, "79": 264.042843120784, "80": 258.6611475842124, "81": 281.4977252449851, "82": 300.1620339246487, "83": 254.21155937918437, "84": 276.22211889923784, "85": 286.32461325976755, "86": 270.6938248100665, "87": 250.11499288999758, "88": 278.54330621888846, "89": 263.0241478745059, "90": 290.72183248150606, "91": 277.9321119033993, "92": 282.4639438387441, "93": 264.9483106833786, "94": 280.98511897521365, "95": 254.30520331464697, "96": 264.79352944976733, "97": 288.54911347509164, "98": 251.91301852799793, "99": 260.70312261961436, "100": 277.53921361504814, "101": 246.49297583981254, "102": 253.58512723033203, "103": 284.3135024273643, "104": 280.7937113622257, "105": 263.8724933834767, "106": 253.36425692901668, "107": 254.054428323965, "108": 255.7571116541231, "109": 268.24620793811994, "110": 246.0067167383079, "111": 287.5856646638819, "112": 267.10705882076934, "113": 269.9473243292863, "114": 252.99557492556212, "115": 261.16372877867855, "116": 269.16907212891215, "117": 263.6560738370573, "118": 281.5178222454667, "119": 249.80501807425998, "120": 247.53178385224552, "121": 253.34655127934352, "122": 286.14635402196404, "123": 247.6713668098917, "124": 276.1454334351481, "125": 272.1866884223828, "126": 272.93084523895044, "127": 287.9492191381143, "128": 274.6946792596251, "129": 282.8288998358711, "130": 267.69235485390135, "131": 250.6877622255368, "132": 283.224585076771, "133": 261.66416695975704, "134": 279.6112142406569, "135": 286.9086339778899, "136": 256.8860739726198, "137": 266.2257420644836, "138": 265.265613120745, "139": 285.330499237305, "140": 273.252117625668, "141": 271.621651792076, "142": 277.46847886757564, "143": 290.3650440956921, "144": 298.06261013556957, "145": 267.5630055723497, "146": 281.8057565846705, "147": 280.643712498321, "148": 269.2460713311884, "149": 254.21864194729503}