{"0": {"-12": 0.9956709956709957, "-9": 0.7851239669421488, "-6": 0.37656903765690375, "-3": 1.25, "-11": 2.3605150214592276, "-8": 0.9795918367346939, "-5": 0.9130434782608695, "-2": 1.3580246913580247},"1": {"-12": 1.9572953736654803, "-9": 0.5072463768115942, "-6": 1.0320284697508897, "-3": 1.5441176470588236, "-11": 1.0507246376811594, "-8": 1.8248175182481752, "-5": 1.094890510948905, "-2": 0.10948905109489052},"2": {"-12": 0.8571428571428571, "-9": 1.0283687943262412, "-6": -0.2846975088967972, "-3": 1.423728813559322, "-11": 1.6083916083916083, "-8": 0.8571428571428571, "-5": 0.9574468085106383, "-2": 0.6551724137931034},"3": {"-12": 1.507936507936508, "-9": 1.3692946058091287, "-6": 0.8536585365853658, "-3": 1.5767634854771784, "-11": 0.7905138339920948, "-8": 0.7377049180327869, "-5": 2.032520325203252, "-2": 1.9262295081967213},"4": {"-12": 1.5757575757575757, "-9": 1.130952380952381, "-6": 1.5568862275449102, "-3": 3.051948051948052, "-11": 0.875, "-8": 1.0365853658536586, "-5": 1.6666666666666667, "-2": 0.18518518518518517},"5": {"-12": -0.03436426116838488, "-9": 1.0726643598615917, "-6": 0.6551724137931034, "-3": 1.3513513513513513, "-11": 1.1379310344827587, "-8": 2.0547945205479454, "-5": 1.1458333333333333, "-2": 0.5517241379310345},"6": {"-12": 0.9259259259259259, "-9": 1.5825688073394495, "-6": 1.6589861751152073, "-3": 1.1316397228637414, "-11": 1.0772833723653397, "-8": 1.5813953488372092, "-5": 0.7441860465116279, "-2": 1.8266978922716628},"7": {"-12": 0.8365019011406845, "-9": 1.411764705882353, "-6": 2.2957198443579765, "-3": 1.4615384615384615, "-11": 1.0505836575875487, "-8": 0.546875, "-5": 1.3688212927756653, "-2": 2.125984251968504},"8": {"-12": 1.3253012048192772, "-9": 2.809917355371901, "-6": 0.743801652892562, "-3": 1.037344398340249, "-11": 1.6326530612244898, "-8": 0.36885245901639346, "-5": 1.213389121338912, "-2": 2.4796747967479673},"9": {"-12": 0.6650246305418719, "-9": 1.4987714987714988, "-6": 1.6097560975609757, "-3": 0.9090909090909091, "-11": 1.1330049261083743, "-8": 1.9471153846153846, "-5": 0.5924170616113744, "-2": 1.2561576354679802},"10": {"-12": 0.6818181818181818, "-9": 1.6853932584269662, "-6": 1.52, "-3": 1.1372549019607843, "-11": 0.7142857142857143, "-8": 1.7716535433070866, "-5": 0.4819277108433735, "-2": 1.2048192771084338},"11": {"-12": 1.8867924528301887, "-9": 1.4016172506738545, "-6": 1.8087855297157622, "-3": 1.2432432432432432, "-11": 1.6358839050131926, "-8": 1.211340206185567, "-5": 1.5633423180592991, "-2": -0.026455026455026454},"12": {"-12": 1.3983050847457628, "-9": 1.2863070539419088, "-6": 2.606837606837607, "-3": 1.9047619047619047, "-11": 0.22026431718061673, "-8": 1.5573770491803278, "-5": 1.9008264462809918, "-2": 2.719298245614035},"13": {"-12": 1.1153846153846154, "-9": 1.7110266159695817, "-6": 1.9696969696969697, "-3": 1.4122137404580153, "-11": 0.11538461538461539, "-8": 0.1509433962264151, "-5": 0.7490636704119851, "-2": 1.7602996254681649},"14": {"-12": 0.21164021164021163, "-9": 0.5333333333333333, "-6": 0.824468085106383, "-3": 1.7379679144385027, "-11": 0.935064935064935, "-8": 1.3709677419354838, "-5": 2.1236559139784945, "-2": 1.4973262032085561},"15": {"-12": 0.5221932114882507, "-9": 0.7012987012987013, "-6": 0.8616187989556136, "-3": 1.4210526315789473, "-11": 0.7349081364829396, "-8": 1.2962962962962963, "-5": 1.0389610389610389, "-2": 0.9326424870466321},"16": {"-12": 1.7808219178082192, "-9": 1.5486725663716814, "-6": 1.3333333333333333, "-3": 1.7727272727272727, "-11": 1.0666666666666667, "-8": 1.9642857142857142, "-5": 0.04484304932735426, "-2": 1.7567567567567568},"17": {"-12": 0.13921113689095127, "-9": 1.8309859154929577, "-6": 1.4858490566037736, "-3": 0.7870370370370371, "-11": 0.2764976958525346, "-8": 0.6839622641509434, "-5": 0.8796296296296297, "-2": 1.6397228637413395}}