{"0": {"0": 1.0050251256281406, "1": 1.0, "2": -0.4020100502512563, "3": -0.4, "4": 1.4, "5": 0.9950248756218906, "6": 1.75, "7": 1.9801980198019802, "8": 2.7403846153846154, "9": 1.4646464646464648},"1": {"0": 2.2388059701492535, "1": 2.4150943396226414, "2": 0.9652509652509652, "3": 1.2734082397003745, "4": 1.348314606741573, "5": 2.558139534883721, "6": 1.520912547528517, "7": 0.5836575875486382, "8": 1.9923371647509578, "9": 1.0188679245283019},"2": {"0": 1.640625, "1": 2.633587786259542, "2": 3.0278884462151394, "3": 0.0, "4": 1.5873015873015872, "5": 0.9163346613545816, "6": 1.8146718146718146, "7": 3.0, "8": 2.0, "9": 2.24},"3": {"0": 1.5384615384615385, "1": 2.2707423580786026, "2": 1.2844036697247707, "3": 1.7937219730941705, "4": 0.5454545454545454, "5": 2.566371681415929, "6": 1.288888888888889, "7": 2.42152466367713, "8": 3.076923076923077, "9": 0.136986301369863},"4": {"0": 0.5622489959839357, "1": 2.5, "2": 1.9678714859437751, "3": 1.0931174089068827, "4": 1.1522633744855968, "5": 1.721311475409836, "6": 1.440329218106996, "7": 1.836734693877551, "8": 1.3114754098360655, "9": 2.4899598393574296},"5": {"0": 1.2753623188405796, "1": 2.3699421965317917, "2": 1.9345238095238095, "3": 1.8154761904761905, "4": 1.3529411764705883, "5": 2.113095238095238, "6": 0.9523809523809523, "7": 1.3095238095238095, "8": 0.712166172106825, "9": 1.4749262536873156},"6": {"0": 0.3508771929824561, "1": 2.0353982300884956, "2": 2.743362831858407, "3": 2.034632034632035, "4": 1.091703056768559, "5": 2.1777777777777776, "6": 1.4592274678111588, "7": 1.6, "8": 1.173913043478261, "9": 1.7521367521367521},"7": {"0": 1.487964989059081, "1": 1.3596491228070176, "2": 0.9170305676855895, "3": 2.774193548387097, "4": 0.8533916849015317, "5": 1.9693654266958425, "6": 1.6299559471365639, "7": 1.0154525386313467, "8": 1.5384615384615385, "9": 1.1061946902654867},"8": {"0": 2.1, "1": 1.1530815109343937, "2": 2.3015873015873014, "3": 1.7670682730923695, "4": 1.87624750499002, "5": 1.6435643564356435, "6": 2.292490118577075, "7": 0.18072289156626506, "8": 2.0481927710843375, "9": 1.0261569416498995},"9": {"0": 1.0, "1": 2.3220973782771535, "2": 1.2167300380228137, "3": 1.3805970149253732, "4": 0.3435114503816794, "5": 3.629343629343629, "6": 1.895910780669145, "7": 1.9011406844106464, "8": 1.0687022900763359, "9": 2.007434944237918},"10": {"0": 1.441860465116279, "1": 0.9722222222222222, "2": -0.09174311926605505, "3": 1.552511415525114, "4": 1.6666666666666667, "5": 1.9457013574660633, "6": 1.8636363636363635, "7": 1.1363636363636365, "8": 0.5555555555555556, "9": 1.2217194570135748},"11": {"0": 0.704225352112676, "1": 2.5233644859813085, "2": 1.1848341232227488, "3": 2.8703703703703702, "4": 1.5639810426540284, "5": 3.5046728971962615, "6": 2.018348623853211, "7": 2.5233644859813085, "8": 2.0737327188940093, "9": 0.2843601895734597},"12": {"0": 1.6838487972508591, "1": 1.972318339100346, "2": 1.6494845360824741, "3": 1.1072664359861593, "4": 1.5224913494809689, "5": 1.0726643598615917, "6": 1.6333333333333333, "7": 1.9661016949152543, "8": 1.5771812080536913, "9": -0.3103448275862069},"13": {"0": 1.021671826625387, "1": 0.875, "2": 1.8691588785046729, "3": 1.6875, "4": 1.46875, "5": 1.1490683229813665, "6": 2.5, "7": 2.830769230769231, "8": 1.8181818181818181, "9": 2.3510971786833856},"14": {"0": 3.01255230125523, "1": 1.2601626016260163, "2": 2.301255230125523, "3": 1.1864406779661016, "4": 1.8852459016393444, "5": 2.4152542372881354, "6": 1.2605042016806722, "7": 1.9421487603305785, "8": 2.330508474576271, "9": 2.2916666666666665},"15": {"0": 2.25, "1": 1.3278008298755186, "2": 2.773109243697479, "3": 1.5254237288135593, "4": 1.4285714285714286, "5": 1.1440677966101696, "6": 1.8565400843881856, "7": 3.142857142857143, "8": 2.0081967213114753, "9": 0.24691358024691357},"16": {"0": 1.7788461538461537, "1": 2.7053140096618358, "2": 1.3397129186602872, "3": 1.2135922330097086, "4": 0.29411764705882354, "5": 1.8181818181818181, "6": 2.167487684729064, "7": 1.5196078431372548, "8": 2.167487684729064, "9": 2.1463414634146343},"17": {"0": 1.9402985074626866, "1": 2.3220973782771535, "2": 1.7472118959107807, "3": 1.99288256227758, "4": 1.6104868913857677, "5": 1.6236162361623616, "6": 2.1722846441947565, "7": 1.449814126394052, "8": 2.030075187969925, "9": 1.2734082397003745},"18": {"0": 1.9756838905775076, "1": 1.6770186335403727, "2": 1.196319018404908, "3": 2.043343653250774, "4": 0.9567901234567902, "5": 1.2422360248447204, "6": 2.5825825825825826, "7": 1.4067278287461773, "8": 1.1692307692307693, "9": 2.018348623853211},"19": {"0": 2.6217228464419478, "1": 3.717472118959108, "2": 2.443609022556391, "3": 1.4285714285714286, "4": 1.5849056603773586, "5": 1.7293233082706767, "6": 0.898876404494382, "7": 2.3333333333333335, "8": 0.7196969696969697, "9": 2.6515151515151514},"20": {"0": 0.5647840531561462, "1": 1.4666666666666666, "2": 1.0666666666666667, "3": 2.6666666666666665, "4": 3.0097087378640777, "5": 1.839464882943144, "6": 1.611842105263158, "7": 1.605351170568562, "8": 1.0666666666666667, "9": 2.9096989966555182},"21": {"0": 1.2121212121212122, "1": 0.30303030303030304, "2": 0.9195402298850575, "3": 2.035928143712575, "4": 2.9518072289156625, "5": 1.1235955056179776, "6": 2.2485207100591715, "7": 1.7365269461077844, "8": 0.9090909090909091, "9": 1.5757575757575757},"22": {"0": 1.963350785340314, "1": 2.643979057591623, "2": 1.7875647668393781, "3": 1.8112244897959184, "4": 1.9010416666666667, "5": 1.8134715025906736, "6": 1.649214659685864, "7": 1.0051546391752577, "8": 1.7480719794344473, "9": 2.2622107969151672},"23": {"0": 1.861198738170347, "1": 1.1838006230529594, "2": 1.6358024691358024, "3": 1.8553459119496856, "4": 0.8, "5": 0.877742946708464, "6": 1.729559748427673, "7": 1.4375, "8": 2.1538461538461537, "9": 0.21806853582554517},"24": {"0": 1.6158536585365855, "1": 1.9384615384615385, "2": 1.0185185185185186, "3": 1.876923076923077, "4": 0.24691358024691357, "5": 2.1671826625387, "6": 1.8518518518518519, "7": 1.8975903614457832, "8": 1.6369047619047619, "9": 1.2650602409638554},"25": {"0": 2.240802675585284, "1": 2.315436241610738, "2": 0.1360544217687075, "3": 0.576271186440678, "4": 0.7167235494880546, "5": 1.8305084745762712, "6": 0.5704697986577181, "7": 2.0945945945945947, "8": 0.6081081081081081, "9": 2.7946127946127945},"26": {"0": 2.2374429223744294, "1": 2.7927927927927927, "2": 0.9216589861751152, "3": 2.3963133640552994, "4": 1.277533039647577, "5": 1.8222222222222222, "6": 3.1018518518518516, "7": 3.274336283185841, "8": 0.31390134529147984, "9": 2.7981651376146788},"27": {"0": 3.112033195020747, "1": 2.4472573839662446, "2": 1.3080168776371308, "3": 0.5691056910569106, "4": 2.199170124481328, "5": 1.639344262295082, "6": 2.6050420168067228, "7": 1.213389121338912, "8": 1.5416666666666667, "9": 1.4285714285714286},"28": {"0": 1.5514333895446881, "1": 2.1124361158432707, "2": 1.36986301369863, "3": 1.4554794520547945, "4": 0.6529209621993127, "5": 1.838487972508591, "6": 1.13013698630137, "7": 0.8673469387755102, "8": 1.1168384879725086, "9": 2.1746575342465753},"29": {"0": 1.8376068376068375, "1": 3.3620689655172415, "2": 1.1206896551724137, "3": 1.9313304721030042, "4": 1.1637931034482758, "5": 1.3924050632911393, "6": 1.6455696202531647, "7": 0.5194805194805194, "8": 2.1551724137931036, "9": 1.645021645021645},"30": {"0": 3.085714285714286, "1": 1.7514124293785311, "2": 2.5433526011560694, "3": 1.7630057803468209, "4": 0.953757225433526, "5": 1.9318181818181819, "6": 0.17045454545454544, "7": 1.7796610169491525, "8": 1.6384180790960452, "9": 1.069364161849711},"31": {"0": 2.7807486631016043, "1": 2.1808510638297873, "2": 1.5425531914893618, "3": 1.3227513227513228, "4": 0.636604774535809, "5": 1.2928759894459103, "6": 1.6397849462365592, "7": 0.972972972972973, "8": 1.837837837837838, "9": 0.9973045822102425},"32": {"0": 1.639344262295082, "1": 2.5274725274725274, "2": 1.4754098360655739, "3": 3.2432432432432434, "4": 0.05405405405405406,