{"0": {"total_mean": 87.92872488586929, "demand_mean": 34.494009920976545, "cs_mean": 53.43471496489275},"1": {"total_mean": 1831183.0237141724, "demand_mean": 1830954.2614894207, "cs_mean": 228.7622247517464},"2": {"total_mean": 1136497.4289700312, "demand_mean": 1136174.4731097124, "cs_mean": 322.95586031883545},"3": {"total_mean": 837630.2313021725, "demand_mean": 837312.1674997681, "cs_mean": 318.06380240438756},"4": {"total_mean": 651661.6271430955, "demand_mean": 651406.5891623703, "cs_mean": 255.03798072515573},"5": {"total_mean": 452462.7839422568, "demand_mean": 452227.1410479379, "cs_mean": 235.64289431892027},"6": {"total_mean": 383470.85483210406, "demand_mean": 383275.4317878763, "cs_mean": 195.42304422777121},"7": {"total_mean": 254606.5758363881, "demand_mean": 254419.58381608422, "cs_mean": 186.99202030388403},"8": {"total_mean": 249947.15111581964, "demand_mean": 249771.62987658335, "cs_mean": 175.52123923629208},"9": {"total_mean": 220396.38395873999, "demand_mean": 220258.94639303628, "cs_mean": 137.4375657036927},"10": {"total_mean": 102556.76103469376, "demand_mean": 102440.74076891727, "cs_mean": 116.02026577648577},"11": {"total_mean": 59330.76643659766, "demand_mean": 59232.22279208218, "cs_mean": 98.54364451547976},"12": {"total_mean": 40563.08009320577, "demand_mean": 40466.785004913574, "cs_mean": 96.2950882921907},"13": {"total_mean": 16574.58825256097, "demand_mean": 16477.117956664602, "cs_mean": 97.47029589636645},"14": {"total_mean": 6244.335003941947, "demand_mean": 6165.7112762945835, "cs_mean": 78.62372764736358},"15": {"total_mean": 3228.5101116637093, "demand_mean": 3151.0667672449486, "cs_mean": 77.44334441876057},"16": {"total_mean": 2060.771604938418, "demand_mean": 1986.7805813634927, "cs_mean": 73.99102357492507},"17": {"total_mean": 1647.8064501058743, "demand_mean": 1571.7505162537823, "cs_mean": 76.05593385209214},"18": {"total_mean": 1435.1427900356784, "demand_mean": 1365.323601131164, "cs_mean": 69.81918890451438},"19": {"total_mean": 627.5190276229038, "demand_mean": 560.6674843029831, "cs_mean": 66.85154331992064},"20": {"total_mean": 383.58612903006184, "demand_mean": 322.20882671374454, "cs_mean": 61.377302316317284},"21": {"total_mean": 229.86624665085347, "demand_mean": 170.46530566904678, "cs_mean": 59.40094098180669},"22": {"total_mean": 166.76158525693845, "demand_mean": 109.92648781535122, "cs_mean": 56.83509744158723},"23": {"total_mean": 115.92569375784272, "demand_mean": 61.02995354409268, "cs_mean": 54.895740213750045},"24": {"total_mean": 103.72925198997775, "demand_mean": 50.65002233130213, "cs_mean": 53.07922965867562},"25": {"total_mean": 96.00782477624091, "demand_mean": 46.30519804058465, "cs_mean": 49.70262673565626},"26": {"total_mean": 75.21529173011484, "demand_mean": 27.76172778302879, "cs_mean": 47.45356394708605},"27": {"total_mean": 56.937564796451596, "demand_mean": 12.756360078707754, "cs_mean": 44.18120471774384},"28": {"total_mean": 55.123452563113005, "demand_mean": 10.980338087200654, "cs_mean": 44.14311447591235},"29": {"total_mean": 55.89245930318329, "demand_mean": 13.071697271036845, "cs_mean": 42.82076203214644},"30": {"total_mean": 55.44466461277533, "demand_mean": 13.892720526851937, "cs_mean": 41.55194408592339},"31": {"total_mean": 52.953034444080885, "demand_mean": 14.261911744243509, "cs_mean": 38.69112269983738},"32": {"total_mean": 48.69221019043001, "demand_mean": 6.405828475669933, "cs_mean": 42.286381714760076},"33": {"total_mean": 43.00061818676476, "demand_mean": 3.6185382074670125, "cs_mean": 39.38207997929775},"34": {"total_mean": 51.915455876202316, "demand_mean": 12.38447183557343, "cs_mean": 39.53098404062889},"35": {"total_mean": 54.61375044667664, "demand_mean": 15.808779744517528, "cs_mean": 38.80497070215911},"36": {"total_mean": 42.257087188307906, "demand_mean": 6.108629597687576, "cs_mean": 36.14845759062033},"37": {"total_mean": 39.8143090740111, "demand_mean": 3.58349269813207, "cs_mean": 36.23081637587903},"38": {"total_mean": 35.6635807544526, "demand_mean": 1.6352597042124866, "cs_mean": 34.028321050240116},"39": {"total_mean": 31.944372227784722, "demand_mean": 1.400276273231283, "cs_mean": 30.544095954553438},"40": {"total_mean": 30.073614420144875, "demand_mean": 1.095744450026546, "cs_mean": 28.977869970118327},"41": {"total_mean": 31.559380679870298, "demand_mean": 0.9597758653022095, "cs_mean": 30.59960481456809},"42": {"total_mean": 29.776105083656546, "demand_mean": 2.0051907489910223, "cs_mean": 27.770914334665523},"43": {"total_mean": 29.973898500733785, "demand_mean": 3.5103266344132438, "cs_mean": 26.463571866320542},"44": {"total_mean": 32.090457504211265, "demand_mean": 3.1326928380298815, "cs_mean": 28.957764666181387},"45": {"total_mean": 31.46637453494528, "demand_mean": 4.438765273042388, "cs_mean": 27.027609261902892},"46": {"total_mean": 29.984916309093496, "demand_mean": 2.5199928685100232, "cs_mean": 27.464923440583473},"47": {"total_mean": 30.79487320963789, "demand_mean": 2.613230068822812, "cs_mean": 28.181643140815076},"48": {"total_mean": 29.430042402046844, "demand_mean": 2.6878081496723567, "cs_mean": 26.742234252374487},"49": {"total_mean": 29.01183500516474, "demand_mean": 3.0104736116740876, "cs_mean": 26.001361393490654},"50": {"total_mean": 28.50741311223395, "demand_mean": 2.9987581451126175, "cs_mean": 25.508654967121334},"51": {"total_mean": 30.717030620530252, "demand_mean": 3.048337293181427, "cs_mean": 27.668693327348826},"52": {"total_mean": 29.622352705757113, "demand_mean": 2.700084592217753, "cs_mean": 26.92226811353936},"53": {"total_mean": 28.42221897383689, "demand_mean": 2.3005073516071888, "cs_mean": 26.121711622229704},"54": {"total_mean": 26.615700296867516, "demand_mean": 2.156099822923747, "cs_mean": 24.45960047394377},"55": {"total_mean": 25.692580932488934, "demand_mean": 1.6145784913505647, "cs_mean": 24.07800244113837},"56": {"total_mean": 24.165684995971485, "demand_mean": 1.6408492312142435, "cs_mean": 22.524835764757242},"57": {"total_mean": 22.260577518758314, "demand_mean": 1.4890195006662141, "cs_mean": 20.7715580180921},"58": {"total_mean": 22.545729510321074, "demand_mean": 1.2606122912769697, "cs_mean": 21.285117219044103},"59": {"total_mean": 22.858615167677826, "demand_mean": 1.5614519324867828, "cs_mean": 21.297163235191043},"60": {"total_mean": 22.106918189019062, "demand_mean": 1.1215347131338707, "cs_mean": 20.985383475885193},"61": {"total_mean": 21.328865490123388, "demand_mean": 1.0278530630475575, "cs_mean": 20.30101242707583},"62": {"total_mean": 21.10050833691115, "demand_mean": 1.0178506410826387, "cs_mean": 20.082657695828512},"63": {"total_mean": 19.66666584019396, "demand_mean": 0.5787400071466772, "cs_mean": 19.087925833047283},"64": {"total_mean": 19.939802016170308, "demand_mean": 0.6914629026977601, "cs_mean": 19.248339113472547},"65": {"total_mean": 20.860206044733616, "demand_mean": 0.9010971913922946, "cs_mean": 19.95910885334132},"66": {"total_mean": 21.256889095920013, "demand_mean": 0.7614748414969045, "cs_mean": 20.495414254423107},"67": {"total_mean": 21.817878212057032, "demand_mean": 0.9261320742331619, "cs_mean": 20.89174613782387},"68": {"total_mean": 20.769512389655414, "demand_mean": 0.9244197159184175, "cs_mean": 19.845092673736996},"69": {"total_mean": 20.70812554665982, "demand_mean": 1.0926022078575905, "cs_mean": 19.615523338802227},"70": {"total_mean": 20.098947305716997, "demand_mean": 1.5388558878563308, "cs_mean": 18.560091417860665},"71": {"total_mean": 19.740864446799222, "demand_mean": 1.4236596572191562, "cs_mean": 18.317204789580064},"72": {"total_mean": 18.35651766197905, "demand_mean": 1.3067287622360213, "cs_mean": 17.04978889974303},"73": {"total_mean": 18.155334394647802, "demand_mean": 0.9687135483303801, "cs_mean": 17.18662084631742},"74": {"total_mean": 18.174709226639116, "demand_mean": 0.8059955090371239, "cs_mean": 17.36871371760199},"75": {"total_mean": 17.86899037400773, "demand_mean": 0.7731989535844608,