{"0": 29.591836734693874, "1": 45.91836734693877, "2": 0, "3": 29.591836734693874, "4": 9.183673469387754, "5": 6.122448979591836, "6": 14.285714285714285, "7": 39.795918367346935, "8": 48.97959183673469, "9": 4.081632653061225, "10": 72.44897959183673, "11": 56.12244897959183, "12": 55.10204081632653, "13": 11.224489795918366, "14": 35.71428571428571, "15": 35.71428571428571, "16": 86.73469387755101, "17": 92.85714285714285, "18": 71.42857142857142, "19": 51.0204081632653, "20": 76.53061224489795, "21": 84.6938775510204, "22": 53.06122448979592, "23": 90, "24": 61.224489795918366, "25": 51.46938775510204, "26": 57.755102040816325, "27": 53.06122448979592, "28": 90.61224489795917, "29": 55.26530612244898, "30": 77.55102040816325, "31": 69.59183673469389, "32": 53.06122448979592, "33": 70.81632653061224, "34": 73.26530612244898, "35": 84.6938775510204, "36": 54.28571428571429, "37": 56.734693877551024, "38": 70.20408163265307, "39": 54.89795918367347, "40": 64.08163265306123, "41": 61.63265306122449, "42": 70.20408163265307, "43": 67.75510204081633, "44": 61.224489795918366, "45": 59.79591836734694, "46": 58.57142857142858, "47": 64.69387755102042, "48": 65.3061224489796, "49": 80.0, "50": 67.14285714285715, "51": 53.06122448979592, "52": 76.3265306122449, "53": 78.16326530612245, "54": 54.28571428571429, "55": 51.22448979591837, "56": 88.77551020408163, "57": 79.59183673469387, "58": 74.86250174716652, "59": 96.41015677592085, "60": 72.8347417303027, "61": 60.990163886295264, "62": 50.106099151605335, "63": 54.32322125922253, "64": 93.17520644029868, "65": 97.03527418768967, "66": 90.63942749387782, "67": 76.24071400075297, "68": 93.01069553472668, "69": 85.17168536978684, "70": 51.140216126427006, "71": 78.09020594040571, "72": 83.8965690592713, "73": 63.08847067346543, "74": 67.96874713280741, "75": 86.34945494717965, "76": 75.12694547664387, "77": 43.505340818103065, "78": 55.07543010101311, "79": 47.02024165224879, "80": 95.7399396456437, "81": 93.80677181257693, "82": 73.68257526338476, "83": 62.940518174640175, "84": 64.88170790361819, "85": 68.60006062644734, "86": 87.44145514294742, "87": 53.17026770058131, "88": 81.42820847041264, "89": 79.06973126858055, "90": 43.246769446115586, "91": 45.841468001830904, "92": 41.147203428296685, "93": 55.84166965928499, "94": 89.44521062897519, "95": 58.030077883924676, "96": 52.69102325329817, "97": 80.43773005639865, "98": 78.32762263371332, "99": 78.50204816129842, "100": 46.59647806764901, "101": 54.83842292007801, "102": 68.12633690943476, "103": 59.7562942895005, "104": 62.22373734660776, "105": 59.71197606634503, "106": 48.434857976506656, "107": 72.6776462405102, "108": 44.56859592749287, "109": 62.926593896915236, "110": 77.68668160484116, "111": 81.18643440478112, "112": 63.09479398464137, "113": 57.45845001477435, "114": 85.9591591854189, "115": 91.05519940762959, "116": 69.88760515313973, "117": 82.5400047520039, "118": 76.2406032283396, "119": 54.605959663664215, "120": 76.2870334975316, "121": 77.34981335394427, "122": 41.80740223741806, "123": 96.76360467219516, "124": 59.82420437857105, "125": 80.40660216836277, "126": 60.28603043009414, "127": 58.968546359315546, "128": 74.68485088411174, "129": 47.71520457474748, "130": 91.95751276486226, "131": 44.59663558518562, "132": 56.10393710972196, "133": 69.6789661019542, "134": 74.1272353017068, "135": 58.72706068608378, "136": 71.63349773843538, "137": 86.92389515791604, "138": 78.65480140760197, "139": 55.184718979847005, "140": 63.441250252138616, "141": 77.4978973529233, "142": 64.51960266790206, "143": 88.99579407262327, "144": 88.37388099523744, "145": 68.39079165360572, "146": 61.403654269012115, "147": 92.23015204268279, "148": 73.97498710865167, "149": 78.81929065928192, "151": 70.94058485965367, "152": 73.31635055487637, "153": 86.76872499388118, "154": 77.02261593165531, "155": 85.8782146617201, "156": 76.80379512746335, "157": 93.99161675056469, "158": 70.50017123549215, "159": 92.53488997445113, "160": 71.10290131560618, "161": 82.64458360163215, "162": 78.8660309659121, "163": 85.8891685997546, "164": 69.38401450945341, "165": 55.42141579974806, "166": 50.59762871484025, "167": 80.84656814995728, "168": 58.15546994969026, "169": 75.05021299611573, "170": 86.84991033182762, "171": 80.00220110303572, "172": 83.30208887472881, "173": 67.08268707280284, "174": 77.34512195052511, "175": 83.55474725121603, "176": 70.71088042982976, "177": 83.67075524152982, "178": 84.95519430910785, "179": 82.01953239682132, "180": 61.59515865516955, "181": 71.09413336964204, "182": 87.26719087115289, "183": 56.80379280335314, "184": 73.79940023047018, "185": 58.49986144429235, "186": 66.4314060593609, "187": 66.53744958145727, "188": 82.72446056073163, "189": 88.25500655736501, "190": 79.33694443704233, "191": 71.40804277672038, "192": 60.574429149344425, "193": 87.12718904881648, "194": 89.81961998473692, "195": 88.11063898604601, "196": 83.20622672576907, "197": 65.66745287173583, "198": 82.60285743933457, "199": 79.97672884591219, "200": 91.82140991240541, "201": 76.80126096664408, "202": 51.638837765231926, "203": 66.6861939144202, "204": 69.4796730307558, "205": 62.31848636937133, "206": 54.64868012083933, "207": 79.21510456575565, "208": 54.992045369505334, "209": 77.64755559679601, "210": 72.0378463915386, "211": 77.21032459253163, "212": 88.23041884731768, "213": 61.78520899480199, "214": 64.43819847515137, "215": 87.91913514283048, "216": 61.21423043014984, "217": 85.79777205960123, "218": 84.57237127708146, "219": 59.50186161245621, "220": 77.62734805219661, "221": 68.57057975887703, "222": 84.88075453786895, "223": 84.8307814963391, "224": 66.5388502253748, "225": 68.10472028760744, "226": 88.20744284435156, "227": 83.37907555935458, "228": 73.361571319464, "229": 54.4342474408111, "230": 73.08522588464508, "231": 53.80352803300351, "232": 84.70276438114429, "233": 68.49805099060424, "234": 56.99399405889614, "235": 87.81742575888055, "236": 65.39412297780213, "237": 76.3116417806503, "238": 58.82655383380589, "239": 57.27218757802774, "240": 63.41019977544937, "241": 87.14614980555005, "242": 87.5715656907906, "243": 55.26543629036055, "244": 53.590808988808135, "245": 56.90338739151146, "246": 60.09480016721889, "247": 72.22026383263186, "248": 63.44866242311245, "249": 66.71056501465456, "250": 54.82216365735777, "251": 88.75974963435878, "252": 72.40704051056235, "253": 85.11959898714534, "254": 84.94004906941252, "255": 56.251034481141545, "256": 72.50311655782157, "257": 85.38702344068773, "258": 74.71435734692433, "259": 79.91489248473475, "260": 61.342942175381985, "261": 68.91158104902426, "262": 55.670410028466755, "263": 83.40525578676333, "264": 85.40900949645965, "265": 61.33158455061605, "266": 74.7900714467939, "267": 64.16116299737622, "268": 66.05903917931028, "269": 60.341744668684164, "270": 60.53989413938907, "271": 87.17038651347119, "272": 86.5108916127546, "273": 64.13005512691163, "274": 84.39588329359341, "275": 58.95430543924323, "276": 70.36618460657573, "277": 65.90997642293308, "278": 55.2628464648751, "279": 86.00857952965617, "280": 85.74312360255645, "281": 66.07617790384582, "282": 58.69688292895904, "283": 61.8141550544254, "284": 87.33575164407021, "285": 87.2764414859009, "286": 79.52199724371532, "287": 79.27504679019637, "288": 58.994879984169074, "289": 73.15413186076033, "290": 79.88525297499957, "291": 69.2719866436883, "292": 84.48255775225415, "293": 55.82837171210629, "294": 65.23663836906499, "295": 64.84037019157395, "296": 77.74188197453712, "297": 60.11677937095142, "298": 62.05095107789412, "299": 64.55280751651726, "300": 72.10885768528979}