{"0": 93.92180595132622,"1": 61.088024245830475,"2": 29.687168135818595,"3": 17.631780549674502,"4": 22.43947234018304,"5": 11.089695518558813,"6": 11.370391243235108,"7": 10.917680368833754,"8": 10.843759107770381,"9": 14.521374157243729,"10": 11.258795047826542,"11": 8.686848943700303,"12": 4.998389976297616,"13": 7.277736765041448,"14": 7.181029455219855,"15": 4.6972623883963776,"16": 4.644935709610777,"17": 2.930376423270482,"18": 3.196520508573435,"19": 3.574527716704016,"20": 3.8388654175870363,"21": 2.75214002092735,"22": 3.689590843502635,"23": 4.386607571154243,"24": 3.7920764803090523,"25": 2.4607067366387865,"26": 5.530936067014172,"27": 2.9277616198798446,"28": 2.345591890299626,"29": 2.183250068285174,"30": 2.2082077846207606,"31": 3.0605419212146163,"32": 2.977621742618006,"33": 2.4549371999985055,"34": 3.6903534601876475,"35": 2.4859823319140384,"36": 2.258909881547887,"37": 1.944196266898182,"38": 2.8454780046668744,"39": 1.199974861234625,"40": 1.9736261877711991,"41": 1.556680568619504,"42": 2.69446716206813,"43": 1.775761485630467,"44": 3.081228537792774,"45": 1.5906536034697916,"46": 1.1561390333867867,"47": 1.4727550566298353,"48": 1.938818400430992,"49": 2.5294895526717673,"50": 1.213054589902449,"51": 1.14643956162221,"52": 2.153400708948001,"53": 1.308387778012096,"54": 1.8111813039349258,"55": 2.1439643603875123,"56": 1.8401080554643499,"57": 1.3238160543281212,"58": 1.3909857802222243,"59": 1.0869900682354443,"60": 2.83761447997897,"61": 1.2909078938353318,"62": 0.9176369320191232,"63": 1.52457055882649,"64": 1.3581832154247784,"65": 0.8986990368474512,"66": 1.2180282314401205,"67": 1.080313634745437,"68": 1.5561311399966085,"69": 1.232607130299838,"70": 0.9829187832748189,"71": 1.0782964075198824,"72": 0.9483521373115057,"73": 0.8861209665220464,"74": 1.1777616859821882,"75": 0.8482306969098663,"76": 1.16381169155444,"77": 1.4017353762913856,"78": 1.9359147748849452,"79": 1.0370599806728844,"80": 1.359341442579271,"81": 0.8633408596717275,"82": 1.2666299526461642,"83": 1.2980348853366226,"84": 1.2073801544126992,"85": 0.8521728194358303,"86": 1.4397661784611864,"87": 0.7697898912515132,"88": 1.3033426392834933,"89": 1.1484016260672547,"90": 0.830725357113905,"91": 0.960339800505861,"92": 0.6008671206325262,"93": 0.8967245817005964,"94": 1.618839316115327,"95": 0.6541092773259332,"96": 0.577368016914056,"97": 1.2637164413219457,"98": 0.9362501812537181,"99": 0.9453390648887134,"100": 0.9643744041465226,"101": 0.8994709542490363,"102": 0.7831185639081105,"103": 1.272244724480806,"104": 1.4388677051748184,"105": 0.8083287031709143,"106": 0.7651153967216101,"107": 0.8188867161152519,"108": 1.3638743454099453,"109": 0.7916752087522668,"110": 0.6935347216774697,"111": 0.9800697401731822,"112": 0.8368115216734497,"113": 0.8865050116794633,"114": 0.8379797781073084,"115": 1.3146841907762012,"116": 0.7113649628323161,"117": 0.8156010153107903,"118": 0.7325085877960722,"119": 1.1885660228553452,"120": 0.6859944375715133,"121": 0.45702495703446727,"122": 0.5889349573787602,"123": 0.6810223566131293,"124": 0.6628501747065095,"125": 1.975939656718023,"126": 0.6842329100692289,"127": 0.5287454056019746,"128": 0.9211247521894412,"129": 0.5496424877951828,"130": 0.9112493946821839,"131": 0.6865420054430502,"132": 0.6752776556801975,"133": 0.5672865002636983}