{"0": 20.018528333993743, "1": 27.706546746666596, "2": 26.61904147564522, "3": 33.67318296413238, "4": 30.432792513858658, "5": 41.75379803439242, "6": 54.48702183126348, "7": 45.34168685472189, "8": 33.29769409031575, "9": 43.526711134000756, "10": 45.825587007206245, "11": 54.29859285741616, "12": 46.39049563303119, "13": 49.761769806790326, "14": 40.300684440871514, "15": 47.14612417103198, "16": 48.649537972290304, "17": 59.39948057912825, "18": 56.43488963754924, "19": 48.398204283278915, "20": 37.550291687032036, "21": 57.27410288160823, "22": 51.59431551827675, "23": 46.71402447943672, "24": 46.77628883183174, "25": 53.22557046092177, "26": 62.70223938500193, "27": 68.50503687376883, "28": 78.88529099000863, "29": 72.33919170510077, "30": 75.73878522880946, "31": 65.91124892576639, "32": 72.22116359087885, "33": 69.00790400318417, "34": 75.61982755390218, "35": 74.91019331407966, "36": 78.10048890521895, "37": 75.48702437107595, "38": 83.89231710062961, "39": 66.09517745652055, "40": 89.05056760534103, "41": 62.53419344458326, "42": 65.79786030532097, "43": 70.35971297645496, "44": 79.88204731147478, "45": 78.84546446251926, "46": 78.63289552380665, "47": 86.59171269054788, "48": 75.25963423360419, "49": 81.79572625192141, "50": 68.16281547152323, "51": 78.36968106321886, "52": 74.11035687844036, "53": 77.08389192510444, "54": 89.33796832836906, "55": 76.98663855839295, "56": 86.23590362385846, "57": 84.92023198009566, "58": 72.93142296872978, "59": 72.93973348230392, "60": 74.75860012963031, "61": 79.77678022948328, "62": 77.82437781871533, "63": 81.79149333351765, "64": 80.1389688390415, "65": 78.46381619124716, "66": 91.73878370794645, "67": 77.6587346962241, "68": 102.29962795897549, "69": 87.82291228976476, "70": 91.45321135913449, "71": 90.41035691589832, "72": 92.48976445304346, "73": 87.98176867694175, "74": 75.46437398295143, "75": 95.98862072463871, "76": 95.66970761652891, "77": 89.343326097816, "78": 89.65198975594672, "79": 98.04577235085274, "80": 91.16508363786917, "81": 81.45064945365777, "82": 93.03264624590355, "83": 111.30716573248247, "84": 94.24412517720187, "85": 83.02488781529269, "86": 90.51261278820753, "87": 95.38364677825614, "88": 80.80458458418465, "89": 92.92843675756464, "90": 82.67716356097758, "91": 87.2705407095498, "92": 97.10755067441048, "93": 88.59809575177056, "94": 90.9205307990396, "95": 93.01456156741529, "96": 93.334823426721, "97": 84.87710994016717, "98": 112.40597556985408, "99": 100.50700918916182, "100": 88.66136553738518, "101": 89.5670233409126, "102": 97.12051529290895, "103": 103.1886180689436, "104": 108.5964585585657, "105": 94.7476545033299, "106": 97.9385072710589, "107": 83.46458163202647, "108": 84.89868849171911, "109": 99.94799741314121, "110": 107.90296160669683, "111": 102.54033658078949, "112": 85.03507931050352, "113": 89.97150387414086, "114": 95.77684750126738, "115": 98.74094001883844, "116": 108.92710858979812, "117": 103.97049441720648, "118": 104.63530456145901, "119": 92.3606799064974, "120": 96.56882815012366, "121": 88.30855321091192, "122": 84.36525928052346, "123": 103.16964074519805, "124": 109.23623782279904, "125": 108.44782791440878, "126": 105.35850007994968, "127": 102.7615207883679, "128": 88.0472220004544, "129": 105.30345869724738, "130": 85.79880330813876, "131": 102.06912964042871, "132": 96.83979872235813, "133": 82.35008689735571, "134": 107.93073214788053, "135": 109.21707731588705, "136": 109.85878681807455, "137": 108.32826109499763, "138": 104.9809746229773, "139": 82.67483450278935, "140": 100.0567830069206, "141": 103.35982049671728, "142": 85.51160454869887, "143": 94.34171201908502, "144": 91.15590740492972, "145": 98.2896933827017, "146": 83.80338755237467, "147": 84.73228651054323, "148": 100.9383865620687, "149": 80.8502164270513, "150": 80.16308308903132, "151": 103.52583090009176, "152": 93.52604706766103, "153": 80.06751209891895, "154": 94.67895523278983, "155": 106.49383411227079, "156": 102.60528495788645, "157": 80.63488324800021, "158": 86.21484023563441, "159": 106.98098059462912, "160": 89.80919375350166, "161": 88.60316914859861, "162": 90.44504997215886, "163": 95.83109295169167, "164": 98.96229972620094, "165": 105.10934924887674, "166": 106.45134217502083, "167": 84.51879060392558, "168": 94.46448554565889, "169": 101.34646668246798, "170": 85.09757084724185, "171": 100.7021792057439, "172": 101.91659694199623, "173": 100.9245716109283, "174": 86.62313999653283, "175": 107.86339058234397, "176": 89.45486896217727, "177": 100.80905858083827, "178": 104.5324335240071, "179": 109.2113936004404, "180": 85.44557997582088, "181": 90.3905894640319, "182": 102.943568376853, "183": 91.47433197950082, "184": 91.27164978853973, "185": 91.38685127863775, "186": 85.70452385941445, "187": 106.90109499147736, "188": 94.24457008738426, "189": 105.09430292904935, "190": 81.71247363406847, "191": 108.26125635036139, "192": 107.24882389182616, "193": 87.2515604790367, "194": 108.88531615483492, "195": 88.52070202520039, "196": 81.71087061474826, "197": 92.70493014602538, "198": 107.04519986414184, "199": 84.08334105095966, "200": 96.0592574891221, "201": 104.7049713906426, "202": 98.83082220152316, "203": 82.94816019934538, "204": 85.52155446368738, "205": 89.31756242192884, "206": 95.92182378313811, "207": 92.8643661385432, "208": 85.49872267561172, "209": 105.10350296571832, "210": 92.35128121548568, "211": 83.14332814153225, "212": 84.46802065230283, "213": 107.03426867983066, "214": 91.43895139289833, "215": 96.71380625465635, "216": 81.72197097894092, "217": 105.34981632625829, "218": 95.48170150644182, "219": 102.80603971473097, "220": 95.21010587058106, "221": 108.8628696986079, "222": 80.03291643182538, "223": 80.23267400722509, "224": 99.66704306072056, "225": 89.72628750798668, "226": 91.99261798252016, "227": 96.5440022124256, "228": 93.66191615020387, "229": 108.48202608564529, "230": 95.03375611585332, "231": 96.7447493884485, "232": 100.09083952427345, "233": 90.6183290180917, "234": 84.82878357991878, "235": 96.75301328352373, "236": 108.45949790973702, "237": 88.63476711938245, "238": 104.10760913689397, "239": 109.17750799641071, "240": 103.942262986499, "241": 80.5741741002991, "242": 107.80255653432832, "243": 92.57559031508168, "244": 82.13012515389676, "245": 93.13334509838292, "246": 89.25322111018696, "247": 101.15232253069411, "248": 85.98123803379997, "249": 92.15409141745346, "250": 107.61023517346615, "251": 91.75441985533138, "252": 98.01344976258825, "253": 88.076478895429, "254": 94.36424359523531, "255": 83.13088275364547, "256": 85.63965807549675, "257": 98.66146697232017, "258": 85.56207448732839, "259": 99.38603055785654, "260": 96.86748070821062, "261": 106.87931953889439, "262": 98.16412229844696, "263": 100.43541823913066, "264": 97.13188572274825, "265": 106.96975210624468, "266": 89.14057693049298, "267": 86.14292433689428, "268": 85.40464076106, "269": 109.71590844290355, "270": 91.93261403864985, "271": 82.4867575967867, "272": 93.8810011789596, "273": 89.02560401024901, "274": 94.97797322190252, "275": 80.04538883163544, "276": 92.68918058354913, "277": 91.1588004824741, "278": 106.44513914608113, "279": 97.09688860353641, "280": 85.52730825917043, "281": 98.39385417846142, "282": 93.71461196061266, "283": 80.86848014597741, "284": 100.1544761126144, "285": 91.49940790490169, "286": 96.75984692109246, "287": 92.806991432509, "288": 98.48373508536831, "289": 92.59838060978414, "290": 85.7448631705651, "291": 92.50966614086272, "292": 89.43405769304482, "293": 83.49777573931063, "294": 85.1553620770386, "295": 98.83694672307342, "296": 82.53930264284574, "297": 109.02204791550882, "298": 103.35436613257713, "299": 87.81037411839597}