{"0": 6481.764990246449, "1": 6529.889347867839, "2": 5626.843910370239, "3": 5825.775814691843, "4": 5765.785551761856, "5": 5147.836472942241, "6": 4615.279722746007, "7": 4223.447066528984, "8": 4247.76141756153, "9": 3221.2195897511165, "10": 3155.8766464714868, "11": 3759.3914834652423, "12": 2690.6171024632704, "13": 3172.3753125458084, "14": 2389.9561868202804, "15": 1502.5015586552172, "16": 844.545699345211, "17": 932.1693478113634, "18": 889.4944950078772, "19": 957.8339424314502, "20": 945.2328520204599, "21": 858.9220278182923, "22": 789.7685226087231, "23": 827.1118186153146, "24": 763.1067804456809, "25": 692.6096720132414, "26": 907.4945243413474, "27": 1019.6067737150511, "28": 727.7147931490445, "29": 608.3957524524459, "30": 629.815355210482, "31": 624.8471266156523, "32": 573.3225571738247, "33": 520.1134928494658, "34": 607.173832637098, "35": 605.5039887831983, "36": 521.8991327130777, "37": 482.82793404050625, "38": 462.6763471481576, "39": 454.95697565685447, "40": 423.56854316773854, "41": 448.71520823774847, "42": 538.7163385372561, "43": 510.96463493185996, "44": 429.0999268177929, "45": 408.6246413210353, "46": 397.3572558106646, "47": 355.18041394005724, "48": 371.7437162111786, "49": 360.51593826121376, "50": 349.318641989796, "51": 365.49875592337617, "52": 377.1124135537076, "53": 383.40907698153944, "54": 331.4183272204243, "55": 307.1188106422461, "56": 301.3863007511669, "57": 331.24693587115235, "58": 308.1518978820584, "59": 292.1964329544184, "60": 288.48698232288484, "61": 304.51230969387433, "62": 311.577261114615, "63": 308.0826459203348, "64": 303.71345078823964, "65": 286.58184279794386, "66": 290.3483352061633, "67": 285.27378277396826, "68": 281.86277695350867, "69": 316.62247975778706, "70": 385.2176719387498, "71": 318.4135944147163, "72": 265.888131807334, "73": 286.2282714552458, "74": 312.49204425817265, "75": 301.95625987929486, "76": 281.1005633755874, "77": 262.4716486972749, "78": 240.26356374535928, "79": 238.50684528632553, "80": 243.72900830724586, "81": 243.85026964585327, "82": 277.1029665917117, "83": 231.05484670194355, "84": 242.67938868219164, "85": 239.09244388622392, "86": 228.5339041636424, "87": 226.90180011612594, "88": 241.34164611106846, "89": 256.6402086848993, "90": 258.24086573953673, "91": 227.47564281158895, "92": 200.04795825703545, "93": 196.1486766967187, "94": 165.16185215971507, "95": 163.0996108896685, "96": 144.65951906657034, "97": 159.96648181382352, "98": 157.29870617263902, "99": 147.75126232716428, "100": 143.7752104513502, "101": 132.1587784924799, "102": 132.3109461216192, "103": 139.84174750755713, "104": 126.69492651321912, "105": 115.30096287048981, "106": 106.86690410402579, "107": 116.54800259450025, "108": 129.36324508396197, "109": 130.66575159097732, "110": 118.78441922706253, "111": 119.72387357205517, "112": 117.66510946455398, "113": 114.05715704013384, "114": 107.6841477586159, "115": 109.13736812950145, "116": 105.95075010088286, "117": 106.97880216064503, "118": 108.92476858574966, "119": 104.54167527049634, "120": 113.53950272431632, "121": 112.37671760208659, "122": 107.08602486269363, "123": 111.82088987523298, "124": 104.6952343873578, "125": 98.20697057789987, "126": 100.32690824603105, "127": 124.79532825261659, "128": 154.40472464837512, "129": 127.99134461370348, "130": 114.34617314922693, "131": 105.65593201457256, "132": 102.91833631373044, "133": 88.63349467603928, "134": 86.16413407007767, "135": 82.39457032818163, "136": 79.70482432907205, "137": 80.69619387909722, "138": 82.40624969655173, "139": 79.69191202885287, "140": 78.53202412694225, "141": 80.59175662028551, "142": 76.98335485402131, "143": 72.03150283558755, "144": 71.46814330482529, "145": 69.40843844206597, "146": 74.90906275077319, "147": 66.86305455623763, "148": 65.94090076245128, "149": 67.33505079901832, "150": 66.10847745259439, "151": 69.36203885882857, "152": 78.01736748355084, "153": 82.19817694070458, "154": 85.19065454513817, "155": 75.68833346082727, "156": 83.87805586251962, "157": 75.03727500455031, "158": 66.5945105405791, "159": 66.306633933771, "160": 62.682419705185566, "161": 59.47072272043661, "162": 64.89146268849238, "163": 65.02582914811855, "164": 69.2147032643024, "165": 62.011334891217295, "166": 60.097864465512465, "167": 60.88248250775206, "168": 59.76667110343219, "169": 56.980997101813436, "170": 54.94024453389398, "171": 57.45431810349893, "172": 59.290633537033614, "173": 57.15659007887866, "174": 55.69650060296676, "175": 59.170485288522, "176": 59.31250286622193, "177": 58.27832437163594, "178": 56.290413197685055, "179": 55.2869089626363, "180": 53.95880595824237, "181": 50.763525930506944, "182": 60.066427873830804, "183": 56.86850492621494, "184": 53.978925461062175, "185": 53.97701138583566, "186": 49.08766974622839, "187": 50.26302362922694, "188": 49.524764379288605, "189": 48.884113320564516, "190": 48.243700189670676, "191": 53.31192850465576, "192": 47.2251119262971, "193": 44.623678704875815, "194": 40.7485231108347, "195": 41.75567955464035, "196": 38.49284118856872, "197": 40.77617194720376, "198": 40.856847583606424, "199": 42.613112588480085, "200": 43.28223611150273, "201": 43.37016274138017, "202": 41.41272820283488, "203": 41.30474222727328, "204": 40.23043082484767, "205": 43.251631321279255, "206": 47.932732993440496, "207": 50.026829896761015, "208": 45.660719125266276, "209": 42.19152237926752, "210": 47.94540380480428, "211": 50.214197447292094, "212": 52.20199442766334, "213": 46.67666164644568, "214": 38.40798766202111, "215": 38.64456122197746, "216": 40.01250932164278, "217": 39.33811121693475, "218": 39.76499955345986, "219": 39.18323812471679, "220": 38.733340620775856, "221": 38.2579751083146, "222": 40.21177360208462, "223": 39.73577320550072, "224": 40.007687255882885, "225": 38.70534253661512, "226": 37.73982433905566, "227": 36.280790018040406, "228": 38.13736128431168, "229": 37.851316300719276, "230": 37.98657188314184, "231": 36.137695855937636, "232": 39.13004139789553, "233": 40.86382722337666, "234": 39.77231906157219, "235": 39.521699171596616, "236": 37.777809714122114, "237": 36.4304337676094, "238": 36.52791324812548, "239": 34.32731395622267, "240": 31.831247007745173, "241": 34.871337910325565, "242": 35.92080169260014, "243": 36.44879901802195, "244": 36.108068721943226, "245": 35.83847929834071, "246": 34.84981610779792, "247": 33.08650203773781, "248": 34.995508564526894, "249": 32.393696232577405, "250": 34.67214409398039, "251": 32.61210228677073, "252": 29.70956170798848, "253": 30.519109487057804, "254": 29.6791153576099, "255": 30.986384577250625, "256": 36.52034707930583, "257": 33.76860404169197, "258": 34.610929353092814, "259": 32.73567740103298, "260": 32.07750969435056, "261": 32.27252021983208, "262": 31.21478776433485, "263": 30.35328649102326, "264": 29.661540555567633, "265": 29.809647328431833, "266": 29.207563917224633, "267": 28.690469855031164, "268": 24.802022130919667, "269": 25.50116544314895, "270": 26.850288184629118, "271": 27.194707711146332, "272": 27.956600860054536, "273": 30.455921209862645, "274": 27.19676035788411, "275": 29.274880073265646, "276": 28.899703692941735, "277": 26.77540397535545, "278": 27.601191298205112, "279": 30.446097658867856, "280": 28.929138103492658, "281": 30.46932506675672, "282": 28.71141841822457, "283": 29.8737577398266, "284": 27.80223517868957, "285": 28.441004127574608, "286": 28.860801575837623, "287": 29.431186564448492, "288": 27.627932533293865, "289": 28.22452223898279, "290": 31.035666384349547, "291": 26.234612601001615, "292": 25.792816553506015, "293": 26.884092603757427, "294": 26.502454296087784, "295": 28.731837522359044, "296": 30.30180324069494, "297": 31.029116395729716, "298": 32.53758781185849, "299": 26.809479897009357}