{"0": 2240.025, "1": 2061.3423751137475, "2": 1539.0240136718749, "3": 1727.1984646136948, "4": 1341.1031672159831, "5": 1669.2396993001305, "6": 1990.4320884704593, "7": 1901.317973022461, "8": 1683.6483379364015, "9": 2070.2426060069693, "10": 2050.638883463542, "11": 1900.09486025642, "12": 2114.210843882841, "13": 3063.6783935546873, "14": 2504.6589274479793, "15": 1116.7636442396376, "16": 1586.8375887499915, "17": 1536.2368952473007, "18": 1575.1420606825088, "19": 1804.3081251664594, "20": 1766.1718711217245, "21": 1431.2146792941624, "22": 1760.5622925758362, "23": 1814.747147312871, "24": 1932.5882278442382, "25": 1596.2190872192382, "26": 1396.266136932373, "27": 1459.3113734701406, "28": 2047.2964916992191, "29": 1768.4061162435091, "30": 1954.738928413391, "31": 1890.448317803277, "32": 1555.2227719624839, "33": 1642.3306526184085, "34": 1390.6504483736478, "35": 1610.155260391235, "36": 1290.7144500732422, "37": 1054.1086356544495, "38": 1440.3057277332655, "39": 1703.6053674697876, "40": 1396.7920311305834, "41": 1821.0725540161131, "42": 1588.7890853881836, "43": 1511.3962860107422, "44": 1614.685147927024, "45": 1557.992675442166, "46": 621.4687561035155, "47": 1853.6084031325117, "48": 1742.5863538301908, "49": 1805.6590708414712, "50": 1873.1185089111327, "51": 1754.3623587975137, "52": 1097.4098239135742, "53": 1434.0881178538007, "54": 1810.634222717285, "55": 1130.5577056884765, "56": 1560.7488580405711, "57": 1793.1896658677324, "58": 1247.2587732315064, "59": 1578.7921712239586, "60": 1343.0457562255858, "61": 997.3204078674316, "62": 1430.2474467722575, "63": 1839.6736811319986, "64": 1528.9610712051392, "65": 1028.9056201588025, "66": 1346.30260952275, "67": 1451.33305460612, "68": 1304.0457608032225, "69": 1421.2996070861816, "70": 830.0519653320314, "71": 1397.6273456573485, "72": 1348.1892074584962, "73": 1228.9583450317382, "74": 1329.5142561968635, "75": 1746.0046060415416, "76": 1360.1209542798995, "77": 1378.445067655123, "78": 1572.0444341516495, "79": 1144.5502841567993, "80": 836.1551170349121, "81": 1424.0245394620028, "82": 1385.0927183435317, "83": 644.123223932584, "84": 1813.7988028786401, "85": 1789.6476466252252, "86": 1275.2021126556397, "87": 1665.27603225708, "88": 1571.4792661539716, "89": 783.7805564880372, "90": 1394.758123779297, "91": 1356.973754755656, "92": 1188.2603960783586, "93": 1329.2436932881672, "94": 1499.4879573822022, "95": 1088.3261543273925, "96": 1620.0206620958115, "97": 1091.782412041558, "98": 1634.7260246276855, "99": 1400.9661846923827, "100": 1584.8790857995136, "101": 1255.1780341137278, "102": 1534.6901801702772, "103": 1160.0629220165251, "104": 1574.818599136952, "105": 1135.0106315178878, "106": 1245.6618052614667, "107": 1601.4778349945107, "108": 1323.426856812981, "109": 1334.6809864908403, "110": 1027.2122216500836, "111": 1582.704474496488, "112": 1335.5107487453104, "113": 1357.1185810628867, "114": 1422.4757897865359, "115": 1411.2520064675493, "116": 1667.0826571998405, "117": 1529.9598075928811, "118": 1285.4338639711466, "119": 1106.0933174448728, "120": 1071.1326431895432, "121": 1085.382897428221, "122": 1443.7148332524332, "123": 1348.528825213199, "124": 1472.2762148795364, "125": 1150.631297759157, "126": 1573.2097545073582, "127": 1113.9125020440974, "128": 1460.1773105058678, "129": 1440.4829727155616, "130": 1517.876271564305, "131": 1402.1919774729924, "132": 1236.9710636492418, "133": 1413.108619287076, "134": 1609.1930690942286, "135": 1661.1018725088209, "136": 1043.1302588966332, "137": 1570.3425582009277, "138": 1261.3598258800994, "139": 1287.6792419810197, "140": 1542.7018593483563, "141": 1502.557963832598, "142": 1040.6273846565632, "143": 1294.556319419487, "144": 1531.9842197394055, "145": 1502.86308060404, "146": 1144.4787901276893, "147": 1598.3192874045735, "148": 1337.6979554047164, "149": 1435.3953801712623, "151": 1308.0887569951487, "152": 1161.8403223044647, "153": 1635.5121069447187, "154": 1292.363562270989, "155": 1106.565185194591, "156": 1395.0943896958738, "157": 1066.1305472068268, "158": 1508.3603616102562, "159": 1156.3822138449368, "160": 1170.8401296897039, "161": 1467.3280970832132, "162": 1433.3004896129416, "163": 1518.7577374436135, "164": 1372.8108606912328, "165": 1502.898642823681, "166": 1642.948908105304, "167": 1477.5171036994698, "168": 1397.887745779263, "169": 1295.2884210120305, "170": 1350.7617440938855, "171": 1523.9853811241362, "172": 1313.344385745617, "173": 1588.8721044719593, "174": 1331.0836076594742, "175": 1341.8279816610698, "176": 1641.6415117341764, "177": 1461.6061952729235, "178": 1413.2203268667142, "179": 1393.1449724099357, "180": 1112.2110884486335, "181": 1637.9600073197014, "182": 1475.995399443394, "183": 1379.1444338619328, "184": 1496.8936321254573, "185": 1458.9933589677298, "186": 1278.3570228774406, "187": 1244.9941756599035, "188": 1587.8429134127311, "189": 1146.7985904846748, "190": 1641.6972776126704, "191": 1367.1776426959761, "192": 1133.915522046906, "193": 1145.8300344172821, "194": 1571.7534154191178, "195": 1272.074409451171, "196": 1206.4712075547493, "197": 1610.4847126680725, "198": 1399.5303181469408, "199": 1474.859464818611, "200": 1577.7601589144094, "201": 1258.400190433972, "202": 1324.5847406691064, "203": 1579.5656477390387, "204": 1592.4912807816304, "205": 1185.8582047517907, "206": 1403.8158036584393, "207": 1449.0202973426578, "208": 1107.3608467806923, "209": 1600.4402640338749, "210": 1135.673184709141, "211": 1056.613610439932, "212": 1340.2704151042417, "213": 1583.6834013064286, "214": 1180.4671325689487, "215": 1272.0811345911652, "216": 1352.6515053930195, "217": 1650.2637862989004, "218": 1049.3567121259402, "219": 1198.1997192611725, "220": 1415.4663658387797, "221": 1349.4832648589668, "222": 1644.1515841023052, "223": 1130.3401974885846, "224": 1250.0577087595702, "225": 1494.6709436819772, "226": 1467.4362523011484, "227": 1542.284964423745, "228": 1229.728047302448, "229": 1466.5512928569115, "230": 1566.0929825968587, "231": 1420.9942406256328, "232": 1290.052920576243, "233": 1063.8479571866467, "234": 1548.110599629409, "235": 1612.4304644049816, "236": 1291.3610688175463, "237": 1589.9075148690208, "238": 1474.4753283800028, "239": 1150.825873097321, "240": 1609.540426678149, "241": 1407.5988438621746, "242": 1307.230344517192, "243": 1491.3116528037767, "244": 1264.1699201834542, "245": 1284.185023405494, "246": 1213.6295025045301, "247": 1323.4299077791006, "248": 1480.8639263877903, "249": 1168.7674586975993, "250": 1642.0092932132748, "251": 1250.494812434358, "252": 1258.2607898581584, "253": 1139.682349981204, "254": 1312.6321424040589, "255": 1198.5674724251264, "256": 1312.6515665952245, "257": 1214.3567124041692, "258": 1395.8427200280403, "259": 1128.4822281814002, "260": 1482.8173874545716, "261": 1241.1506378168824, "262": 1478.1962239014556, "263": 1647.9579083414717, "264": 1616.0262660393446, "265": 1121.3308155345128, "266": 1578.8091112343504, "267": 1284.7555011077363, "268": 1264.6329394993545, "269": 1137.510088152564, "270": 1220.450516906662, "271": 1260.2358181076827, "272": 1310.064495529996, "273": 1506.3138643421391, "274": 1379.1566822493012, "275": 1136.764899014543, "276": 1346.1145425555103, "277": 1214.024264348818, "278": 1401.2559002250966, "279": 1201.6156921834583, "280": 1405.2130064700737, "281": 1049.9792840245884, "282": 1534.9654056718466, "283": 1291.3206628432347, "284": 1233.3383439638908, "285": 1279.4387912390093, "286": 1477.1102972179851, "287": 1079.936064416668, "288": 1376.3388166677996, "289": 1129.081273096695, "290": 1641.0878697581297, "291": 1642.7266236869566, "292": 1359.5981495174497, "293": 1503.4539060876791, "294": 1622.6029539229444, "295": 1237.5280717328303, "296": 1525.2341080324622, "297": 1245.3685928966042, "298": 1077.739353463269, "299": 1272.96785721864, "300": 1290.0431954335909}