{"0": {"total_mean": 644.4971680532735, "demand_mean": 407.69795311361116, "cs_mean": 236.7992149396624},"1": {"total_mean": 496.7367327292511, "demand_mean": 298.4150641701438, "cs_mean": 198.32166855910728},"2": {"total_mean": 387.0783379770094, "demand_mean": 220.07777881622314, "cs_mean": 167.00055916078628},"3": {"total_mean": 541.5321104628089, "demand_mean": 424.15142855618166, "cs_mean": 117.38068190662726},"4": {"total_mean": 22120.08945873588, "demand_mean": 22021.588246235187, "cs_mean": 98.50121250069539},"5": {"total_mean": 450421.8267201461, "demand_mean": 450334.4206903409, "cs_mean": 87.4060298051643},"6": {"total_mean": 1638162.257145617, "demand_mean": 1638060.2874458875, "cs_mean": 101.96969972945887},"7": {"total_mean": 45924954.633494586, "demand_mean": 45924775.4897235, "cs_mean": 179.14377108487216},"8": {"total_mean": 819128891.6966141, "demand_mean": 819127347.2473676, "cs_mean": 1544.4492464837922},"9": {"total_mean": 3013380584.355406, "demand_mean": 3013372292.578201, "cs_mean": 8291.777205219918},"10": {"total_mean": 11853698973.023129, "demand_mean": 11853537462.229557, "cs_mean": 161510.79357064958},"11": {"total_mean": 62832027258.89993, "demand_mean": 62831301796.72861, "cs_mean": 725462.1713255462},"12": {"total_mean": 92261562587.41316, "demand_mean": 92260382380.46059, "cs_mean": 1180206.9525785418},"13": {"total_mean": 158772365238.27216, "demand_mean": 158770476433.15463, "cs_mean": 1888805.1175099206},"14": {"total_mean": 210212084219.20685, "demand_mean": 210208798988.30942, "cs_mean": 3285230.8974358975},"15": {"total_mean": 398219183644.939, "demand_mean": 398214159827.6347, "cs_mean": 5023817.304312366},"16": {"total_mean": 675465265445.2283, "demand_mean": 675453985281.6089, "cs_mean": 11280163.619334811},"17": {"total_mean": 884319953168.0646, "demand_mean": 884297622084.73, "cs_mean": 22331083.33453888},"18": {"total_mean": 1419476797271.964, "demand_mean": 1419441114306.2085, "cs_mean": 35682965.75565446},"19": {"total_mean": 2765485032228.7583, "demand_mean": 2765437571923.6846, "cs_mean": 47460305.07369288},"20": {"total_mean": 2732988456986.857, "demand_mean": 2732940086471.726, "cs_mean": 48370515.13091721},"21": {"total_mean": 2887650093976.636, "demand_mean": 2887574663242.082, "cs_mean": 75430734.55427532},"22": {"total_mean": 3609336683205.2866, "demand_mean": 3609236009535.572, "cs_mean": 100673669.71507771},"23": {"total_mean": 5029489472303.352, "demand_mean": 5029355957669.726, "cs_mean": 133514633.62578468}