{"0": 15.572183575232357,"1": 3.4979310812644147,"2": 10.115875082430263,"3": 2.2116139608903715,"4": 2.2936258937181444,"5": 1.7245082159157445,"6": 3.2713596516491834,"7": 1.8198627160241334,"8": 0.7189999092719926,"9": 2.3036102612095455,"10": 1.5025555567235007,"11": 1.0633211871469768,"12": 1.307576374737562,"13": 0.6044417244596089,"14": 1.696038468454881,"15": 0.3112723327122781,"16": 0.42242039803015413,"17": 1.2085108928728172,"18": 0.39499215850292657,"19": 0.5240191712861788,"20": 0.3921911439560744,"21": 0.07212005549553027,"22": 1.1680813839563622,"23": 1.3453701934747846,"24": 1.0766201853701856,"25": 1.1299523604774613,"26": 0.415122924308905,"27": 1.015680350113423,"28": 1.06514142371795,"29": 0.5680840881794559,"30": 1.3204196061093396,"31": 0.677235932585314,"32": 0.9670125195429154,"33": 0.11888172059274722,"34": 0.3560444766008133,"35": 0.3640197274570429,"36": 1.1090550435116255,"37": 0.278603156382459,"38": 0.4897239608484443,"39": 0.8027597975414599,"40": 0.7169385496464018,"41": 0.06806226736196432,"42": 1.0932281661592804,"43": 0.5414018426752256,"44": 0.05491595196597815,"45": 0.47188191199459834,"46": 0.16815414803508336,"47": 0.6652217843562995,"48": 0.2515348707672105,"49": 0.06673063728901293,"50": 0.5537186478509173,"51": 0.2237494861843359,"52": 0.016321516947279093,"53": 0.6213069398447987,"54": 0.248425192307437,"55": 0.7901475130112882,"56": 0.21545425555911626,"57": 0.4372787514911768,"58": 0.3046676252861249,"59": 0.4303501993947267,"60": 0.4191951437860023,"61": 0.11111114902297711,"62": 0.02946130511916335,"63": 0.3585694933668945,"64": 0.7604697631247398,"65": 0.1830018038143222,"66": 0.3024154485546218,"67": 0.5696519478948723,"68": 0.5731808687544434,"69": 0.24204732163979623,"70": 0.315158251766473,"71": 0.25424020814333326,"72": 0.10605651199278437,"73": 0.165253751112337,"74": 0.0294746922697466,"75": 0.29084596187861184,"76": 0.02151145864571537,"77": 0.04079760636621737,"78": 0.09729524909731335,"79": 0.2958749094256994,"80": 0.01944898329702251,"81": 0.24750997485544393,"82": 0.30501248511190965,"83": 0.03999394307605474,"84": 0.049596345658940305,"85": 0.1954463391374377,"86": 0.15374916120614557,"87": 0.04261618705186187,"88": 0.1043486779912204,"89": 0.14241683768128469,"90": 0.10898938981693826,"91": 0.16881221245262662,"92": 0.2065325332401107,"93": 0.01874191338762463,"94": 0.09550686987034274,"95": 0.15250554410911696,"96": 0.06568248903686234,"97": 0.04002818967735493,"98": 0.11626915715424337,"99": 0.04547337738959659,"100": 0.2531889439400988,"101": 0.01583640297954666,"102": 0.08175258635946597,"103": 0.2700318886930473,"104": 0.07527484127393537,"105": 0.05690181118103238,"106": 0.0188532287459112,"107": 0.15967583103041272,"108": 0.04903763221208408,"109": 0.014414911176622618,"110": 0.07970922406312392,"111": 0.052082649240421865,"112": 0.1446390188019652,"113": 0.04077599300425891,"114": 0.15362973994417764,"115": 0.09451698201168121,"116": 0.02852221827652693,"117": 0.2164123725044973,"118": 0.018863693326473807,"119": 0.19259092827926508,"120": 0.046040320925678876,"121": 0.11417793947487904,"122": 0.10917180901257335,"123": 0.15704350367018396,"124": 0.2832528698799649,"125": 0.019126351972152223,"126": 0.05985600261123188,"127": 0.14728586116059406,"128": 0.13059628393113293,"129": 0.021915399793277675,"130": 0.012920145522500497,"131": 0.0221503316197837,"132": 0.0061848466132412095,"133": 0.06077986653122828,"134": 0.04211806711806713,"135": 0.10968603666639781,"136": 0.14393900260211112,"137": 0.028705429074001764,"138": 0.03228885585821479,"139": 0.14922812457214657,"140": 0.02266780353231572,"141": 0.008537164770461621,"142": 0.10441690301277011,"143": 0.08277808512420709,"144": 0.15277990867478444,"145": 0.010517010678670051,"146": 0.02409251336076973,"147": 0.012280686708366208,"148": 0.12168998237052564,"149": 0.07553047733147503,"150": 0.08374847407207349,"151": 0.17081414956373145,"152": 0.006109569404636113,"153": 0.007017768230481934,"154": 0.08618123745338756,"155": 0.05528104808837154,"156": 0.07985473082647881,"157": 0.11824991593799383,"158": 0.19353166862974805,"159": 0.21669343247296427,"160": 0.09552185871874806,"161": 0.07672787819358617,"162": 0.004495869466028617,"163": 0.07203518972553727,"164": 0.18472689255351676,"165": 0.11569759536474902,"166": 0.007344153660090026,"167": 0.030184092630485982,"168": 0.15949126296028934,"169": 0.0153009374281778,"170": 0.08909988374217742,"171": 0.024024208580995285,"172": 0.14625218699085707,"173": 0.09704005210751529,"174": 0.029899552216580312,"175": 0.02012817488275724,"176": 0.01157756284254287,"177": 0.15394234675439142,"178": 0.06406846392467595,"179": 0.016687964691818487,"180": 0.07440029238183957,"181": 0.13789504308820832,"182": 0.03464463949620062,"183": 0.031442202436683,"184": 0.01521341893394312,"185": 0.011390985222211332,"186": 0.1347233768631445,"187": 0.07679224909143677,"188": 0.051570598581806563,"189": 0.011796796629450627,"190": 0.04209742609887547,"191": 0.027555340233667108,"192": 0.13486026905196474,"193": 0.08983215113922448,"194": 0.02193790260517951,"195": 0.054373323636289626,"196": 0.12248513330774406,"197": 0.0655796234849285,"198": 0.0647134996865455,"199": 0.047283067653673065}