{"0": 53.00869771388632,"1": 5.826801346801347,"2": 2.685651697699892,"3": 12.313768570830712,"4": 15.580622125043611,"5": 7.348362581075353,"6": 0.9164443532389354,"7": 18.08258829560147,"8": 12.258623762236468,"9": 6.353988454483761,"10": 14.669554043839755,"11": 7.922300405555592,"12": 2.5722392528612645,"13": 3.2421034901491903,"14": 2.0216696018299234,"15": 5.246669774325502,"16": 3.1042319538323406,"17": 1.5235650651827488,"18": 4.5209897939534,"19": 0.35801107229678664,"20": 1.6308215865118845,"21": 2.6556999118805606,"22": 0.712118790977851,"23": 2.6570299473525227