{"0": 15.416439166439163,"1": 12.103718630193162,"2": 1.0347365751166226,"3": 4.672579824149009,"4": 3.7678037918937277,"5": 4.7388337666115445,"6": 3.1376792294842084,"7": 1.2387894728011004,"8": 2.743669926804684,"9": 0.15073794883819136,"10": 1.4291429209876905,"11": 1.1090863287677268,"12": 2.588118199820327,"13": 0.1399478869834601,"14": 0.13199948225735791,"15": 0.478871646054517,"16": 1.0917990116103322,"17": 0.9866465543773052,"18": 0.6704160711721635,"19": 1.6082375392571246,"20": 0.04625797936261058,"21": 0.12427710366000606,"22": 1.5983662888018135,"23": 0.49557998968162303,"24": 0.7539780890380671,"25": 1.4222645897368673,"26": 0.11304397789930606,"27": 0.695999216622685,"28": 0.3174960365945496,"29": 0.13433579570450713,"30": 0.3400884864757146,"31": 0.36877823777387087,"32": 0.38325529274381187,"33": 0.9036887333447444,"34": 0.07220847816783056,"35": 0.533964864247726,"36": 0.10487979864770695,"37": 0.04846438447469037,"38": 0.4610008267072958,"39": 0.5364380248041054,"40": 0.6199896272958535,"41": 0.08437138722936331,"42": 0.32895342536875294,"43": 0.15296452708234018,"44": 0.039075511076448285,"45": 0.6069735700450823,"46": 0.14604006189795524,"47": 0.524032600116734,"48": 0.19261701619128957,"49": 0.16156735421441298,"50": 0.589827781189545,"51": 0.11074295053421732,"52": 0.16601960740356433,"53": 0.12682415957748608,"54": 0.5783442191817963,"55": 0.14710849151184271,"56": 0.2349814691481358,"57": 0.041398616774390426,"58": 0.03950557929498346,"59": 0.22926292582822488,"60": 0.42797757629481675,"61": 0.13326022010068325,"62": 0.5378896886742534,"63": 0.3359878315350313,"64": 0.1713053195276286,"65": 0.18226713318895502,"66": 0.12107193801487713,"67": 0.19699266491719322,"68": 0.273793808678607,"69": 0.11171193476268872,"70": 0.22790726986087623,"71": 0.19281217226992844,"72": 0.4236981539766247,"73": 0.08688502092760646,"74": 0.34798358071559715,"75": 0.023199750273986085,"76": 0.09266549899355894,"77": 0.19017575985664,"78": 0.1155368924132152,"79": 0.09277332036518565,"80": 0.030474689395229123,"81": 0.19082014099413652,"82": 0.3020334682515033,"83": 0.24736537769320474,"84": 0.15488665645065422,"85": 0.15959718168887646,"86": 0.21108048475347396,"87": 0.13670802719647157,"88": 0.022676089372630406,"89": 0.02871235327375678,"90": 0.07357777890019691,"91": 0.20352053247100702,"92": 0.31488803006284877,"93": 0.011302508018189774,"94": 0.22136164395211455,"95": 0.0666456675228605,"96": 0.28036205021981825,"97": 0.08437090738829454,"98": 0.18828381405127376,"99": 0.028492435994349745,"100": 0.12675658844079893,"101": 0.114049093535362,"102": 0.2528340168963238,"103": 0.03944722317969263,"104": 0.07281490265463188,"105": 0.22599985337818304,"106": 0.04080663256019842,"107": 0.02987107921318448,"108": 0.03798410338658016,"109": 0.09174813509297569,"110": 0.027008353506528616,"111": 0.07563328574319297,"112": 0.11373383105440892,"113": 0.041272385022385026,"114": 0.18099850146164928,"115": 0.013989628060666313,"116": 0.21097692082051336,"117": 0.04483288770144468,"118": 0.086780435662756,"119": 0.022926166319891465,"120": 0.0868153079540538,"121": 0.1696222253318296,"122": 0.012577595503855336,"123": 0.20122084746224503,"124": 0.18259209689547976,"125": 0.04836270601098904,"126": 0.03730079345655497,"127": 0.18362424848796224,"128": 0.06553291548887456,"129": 0.12678534788119236,"130": 0.031585248148312116,"131": 0.12668530379075027,"132": 0.031864631990264285,"133": 0.13333364020424382,"134": 0.10853540341676923,"135": 0.058444132567534356,"136": 0.13826743980025155,"137": 0.009054022927408353,"138": 0.0737502297925689,"139": 0.16548994480765872,"140": 0.1036541901330066,"141": 0.16935930918540673,"142": 0.0875841796425572,"143": 0.05163051943811897,"144": 0.013559357518179986,"145": 0.024468613833126183,"146": 0.06855060569177725,"147": 0.11140520803982339,"148": 0.057221564892487475,"149": 0.16942778592817978,"150": 0.11633428433769483,"151": 0.02470976570855401,"152": 0.023585973083395398,"153": 0.11251251485124526,"154": 0.025815028592806367,"155": 0.16163416526092583,"156": 0.09327779539309385,"157": 0.07416409880111482,"158": 0.04064846091341297,"159": 0.01820315598225567,"160": 0.1955711413416737,"161": 0.10339597127808915,"162": 0.016900018247872465,"163": 0.12175724795102698,"164": 0.004700319473682651,"165": 0.0366255678307614,"166": 0.022170723849615888,"167": 0.011996607985828023,"168": 0.22385202222969897,"169": 0.011298058106237874,"170": 0.008126783577280677,"171": 0.00951218415333248,"172": 0.026551142796467194,"173": 0.03348118763885503,"174": 0.032091680988363354,"175": 0.014538393574981746,"176": 0.039973503969783185,"177": 0.002108262876252956,"178": 0.02075090647135076,"179": 0.01078209137190574,"180": 0.006832915826667882,"181": 0.014633362522874496,"182": 0.03347632742939374,"183": 0.11803596272069142,"184": 0.09261371382959474,"185": 0.05349119286163084,"186": 0.04016661282153877,"187": 0.02153986121037677,"188": 0.008800220245442834,"189": 0.010331785850975694,"190": 0.07611450263149293,"191": 0.0352113426735593,"192": 0.05467819041505282,"193": 0.06276507321677913,"194": 0.004014071922567086,"195": 0.010255834906322904,"196": 0.008433532666301409,"197": 0.10228065969664354,"198": 0.034340646208281436,"199": 0.0877943746637149}