{"0": {"total_mean": 504.5380737498016, "demand_mean": 503.1905153409947, "cs_mean": 1.347558408806912}