{"0": {"v0": 1160.6258606991526, "v1": 1159.5887471516928, "v2": 1152.5434991244613, "v3": 1139.2619649596134, "v4": 1211.9089275422643, "v5": 1160.8108511260061, "v6": 1213.8918268540326, "v7": 1176.5546641630285, "v8": 1240.5082117299564, "v9": 1166.3290170522837}