{"0": {"v0": 3.92570281124498, "v1": 6.095143706640238, "v2": 2.888888888888889, "v3": 6.596596596596597, "v4": 2.0808678500986195, "v5": 2.4670433145009416, "v6": 3.656509695290859, "v7": 3.889908256880734, "v8": 2.857142857142857, "v9": 1.015180265654649}